1849-01-01,8.091999999999999,2.1919999999999997,Sacramento,United States,37.78N,122.03W
1849-02-01,9.508,1.85,Sacramento,United States,37.78N,122.03W
1849-03-01,11.701,2.129,Sacramento,United States,37.78N,122.03W
1849-04-01,13.102,2.559,Sacramento,United States,37.78N,122.03W
1849-05-01,14.045,1.909,Sacramento,United States,37.78N,122.03W
1849-06-01,18.661,2.24,Sacramento,United States,37.78N,122.03W
1849-07-01,21.542,3.6189999999999998,Sacramento,United States,37.78N,122.03W
1849-08-01,21.146,3.5039999999999996,Sacramento,United States,37.78N,122.03W
1849-09-01,18.816,1.6909999999999998,Sacramento,United States,37.78N,122.03W
1849-10-01,15.795999999999998,1.989,Sacramento,United States,37.78N,122.03W
1849-11-01,10.755999999999998,1.79,Sacramento,United States,37.78N,122.03W
1849-12-01,6.2780000000000005,1.669,Sacramento,United States,37.78N,122.03W
1850-01-01,6.7349999999999985,2.424,Sacramento,United States,37.78N,122.03W
1850-02-01,8.964,1.845,Sacramento,United States,37.78N,122.03W
1850-03-01,9.929,3.6010000000000004,Sacramento,United States,37.78N,122.03W
1850-04-01,13.43,2.765,Sacramento,United States,37.78N,122.03W
1850-05-01,15.564,1.139,Sacramento,United States,37.78N,122.03W
1850-06-01,17.927,1.308,Sacramento,United States,37.78N,122.03W
1850-07-01,19.548,1.411,Sacramento,United States,37.78N,122.03W
1850-08-01,20.839,2.021,Sacramento,United States,37.78N,122.03W
1850-09-01,19.268,1.681,Sacramento,United States,37.78N,122.03W
1850-10-01,16.276,1.172,Sacramento,United States,37.78N,122.03W
1850-11-01,10.457,1.93,Sacramento,United States,37.78N,122.03W
1850-12-01,6.627999999999999,1.291,Sacramento,United States,37.78N,122.03W
1851-01-01,7.661999999999999,2.844,Sacramento,United States,37.78N,122.03W
1851-02-01,9.267,1.023,Sacramento,United States,37.78N,122.03W
1851-03-01,11.606,1.608,Sacramento,United States,37.78N,122.03W
1851-04-01,14.642999999999999,2.274,Sacramento,United States,37.78N,122.03W
1851-05-01,15.707,1.114,Sacramento,United States,37.78N,122.03W
1851-06-01,18.908,1.074,Sacramento,United States,37.78N,122.03W
1851-07-01,19.294,3.188,Sacramento,United States,37.78N,122.03W
1851-08-01,20.583,3.0439999999999996,Sacramento,United States,37.78N,122.03W
1851-09-01,18.644,1.671,Sacramento,United States,37.78N,122.03W
1851-10-01,16.517999999999994,3.0389999999999997,Sacramento,United States,37.78N,122.03W
1851-11-01,11.75,1.944,Sacramento,United States,37.78N,122.03W
1851-12-01,8.106,3.062,Sacramento,United States,37.78N,122.03W
1852-01-01,8.401,2.42,Sacramento,United States,37.78N,122.03W
1852-02-01,9.976,1.5230000000000001,Sacramento,United States,37.78N,122.03W
1852-03-01,9.952,2.05,Sacramento,United States,37.78N,122.03W
1852-04-01,11.921,2.404,Sacramento,United States,37.78N,122.03W
1852-05-01,16.101,1.517,Sacramento,United States,37.78N,122.03W
1852-06-01,19.778,1.7819999999999998,Sacramento,United States,37.78N,122.03W
1852-07-01,20.349,3.472,Sacramento,United States,37.78N,122.03W
1852-08-01,18.813,2.006,Sacramento,United States,37.78N,122.03W
1852-09-01,17.453,2.53,Sacramento,United States,37.78N,122.03W
1852-10-01,13.945,2.471,Sacramento,United States,37.78N,122.03W
1852-11-01,11.195,1.5390000000000001,Sacramento,United States,37.78N,122.03W
1852-12-01,7.853,1.714,Sacramento,United States,37.78N,122.03W
1853-01-01,7.7109999999999985,2.326,Sacramento,United States,37.78N,122.03W
1853-02-01,9.129,1.264,Sacramento,United States,37.78N,122.03W
1853-03-01,12.48,2.971,Sacramento,United States,37.78N,122.03W
1853-04-01,14.088,2.001,Sacramento,United States,37.78N,122.03W
1853-05-01,16.794999999999998,2.616,Sacramento,United States,37.78N,122.03W
1853-06-01,19.487000000000002,3.948,Sacramento,United States,37.78N,122.03W
1853-07-01,19.593,2.345,Sacramento,United States,37.78N,122.03W
1853-08-01,18.313,2.082,Sacramento,United States,37.78N,122.03W
1853-09-01,18.561,5.224,Sacramento,United States,37.78N,122.03W
1853-10-01,15.890999999999998,0.888,Sacramento,United States,37.78N,122.03W
1853-11-01,11.927,1.7530000000000001,Sacramento,United States,37.78N,122.03W
1853-12-01,8.857999999999999,1.062,Sacramento,United States,37.78N,122.03W
1854-01-01,6.616999999999999,1.817,Sacramento,United States,37.78N,122.03W
1854-02-01,9.818,1.186,Sacramento,United States,37.78N,122.03W
1854-03-01,11.145,1.3019999999999998,Sacramento,United States,37.78N,122.03W
1854-04-01,14.812999999999999,1.5390000000000001,Sacramento,United States,37.78N,122.03W
1854-05-01,15.292,1.2009999999999998,Sacramento,United States,37.78N,122.03W
1854-06-01,17.463,1.453,Sacramento,United States,37.78N,122.03W
1854-07-01,20.651,2.002,Sacramento,United States,37.78N,122.03W
1854-08-01,18.669,4.376,Sacramento,United States,37.78N,122.03W
1854-09-01,16.857,2.528,Sacramento,United States,37.78N,122.03W
1854-10-01,15.089,2.3,Sacramento,United States,37.78N,122.03W
1854-11-01,12.431,1.692,Sacramento,United States,37.78N,122.03W
1854-12-01,8.943999999999999,3.236,Sacramento,United States,37.78N,122.03W
1855-01-01,7.313999999999999,1.285,Sacramento,United States,37.78N,122.03W
1855-02-01,11.104,1.442,Sacramento,United States,37.78N,122.03W
1855-03-01,13.149000000000001,2.6439999999999997,Sacramento,United States,37.78N,122.03W
1855-04-01,13.671,2.975,Sacramento,United States,37.78N,122.03W
1855-05-01,14.743,4.441,Sacramento,United States,37.78N,122.03W
1855-06-01,19.145,2.637,Sacramento,United States,37.78N,122.03W
1855-07-01,19.522000000000002,3.0189999999999997,Sacramento,United States,37.78N,122.03W
1855-08-01,19.761,2.168,Sacramento,United States,37.78N,122.03W
1855-09-01,17.807000000000006,2.056,Sacramento,United States,37.78N,122.03W
1855-10-01,16.282999999999998,3.344,Sacramento,United States,37.78N,122.03W
1855-11-01,10.404000000000002,1.102,Sacramento,United States,37.78N,122.03W
1855-12-01,7.507999999999999,4.037,Sacramento,United States,37.78N,122.03W
1856-01-01,8.504,2.345,Sacramento,United States,37.78N,122.03W
1856-02-01,10.201,2.327,Sacramento,United States,37.78N,122.03W
1856-03-01,12.885,1.439,Sacramento,United States,37.78N,122.03W
1856-04-01,13.619000000000002,0.866,Sacramento,United States,37.78N,122.03W
1856-05-01,15.847000000000001,1.7890000000000001,Sacramento,United States,37.78N,122.03W
1856-06-01,18.911,1.903,Sacramento,United States,37.78N,122.03W
1856-07-01,20.487,1.196,Sacramento,United States,37.78N,122.03W
1856-08-01,18.312,3.675,Sacramento,United States,37.78N,122.03W
1856-09-01,18.942999999999998,1.4409999999999998,Sacramento,United States,37.78N,122.03W
1856-10-01,13.582999999999998,2.802,Sacramento,United States,37.78N,122.03W
1856-11-01,11.055,0.9390000000000001,Sacramento,United States,37.78N,122.03W
1856-12-01,6.898,1.452,Sacramento,United States,37.78N,122.03W
1857-01-01,8.709,1.3159999999999998,Sacramento,United States,37.78N,122.03W
1857-02-01,9.79,1.555,Sacramento,United States,37.78N,122.03W
1857-03-01,13.053,1.169,Sacramento,United States,37.78N,122.03W
1857-04-01,15.865,0.6729999999999999,Sacramento,United States,37.78N,122.03W
1857-05-01,16.458,0.985,Sacramento,United States,37.78N,122.03W
1857-06-01,19.827,1.903,Sacramento,United States,37.78N,122.03W
1857-07-01,19.456,2.678,Sacramento,United States,37.78N,122.03W
1857-08-01,19.173,2.799,Sacramento,United States,37.78N,122.03W
1857-09-01,18.309,3.148,Sacramento,United States,37.78N,122.03W
1857-10-01,15.845999999999998,2.533,Sacramento,United States,37.78N,122.03W
1857-11-01,11.885,0.757,Sacramento,United States,37.78N,122.03W
1857-12-01,8.964,0.718,Sacramento,United States,37.78N,122.03W
1858-01-01,7.581999999999999,2.28,Sacramento,United States,37.78N,122.03W
1858-02-01,11.17,1.5290000000000001,Sacramento,United States,37.78N,122.03W
1858-03-01,11.683,1.598,Sacramento,United States,37.78N,122.03W
1858-04-01,14.112,1.453,Sacramento,United States,37.78N,122.03W
1858-05-01,16.798,1.686,Sacramento,United States,37.78N,122.03W
1858-06-01,18.769000000000002,2.151,Sacramento,United States,37.78N,122.03W
1858-07-01,19.195,2.522,Sacramento,United States,37.78N,122.03W
1858-08-01,18.877,2.705,Sacramento,United States,37.78N,122.03W
1858-09-01,18.725,2.688,Sacramento,United States,37.78N,122.03W
1858-10-01,14.771,1.93,Sacramento,United States,37.78N,122.03W
1858-11-01,12.094000000000001,1.385,Sacramento,United States,37.78N,122.03W
1858-12-01,6.475,2.436,Sacramento,United States,37.78N,122.03W
1859-01-01,7.4289999999999985,1.002,Sacramento,United States,37.78N,122.03W
1859-02-01,9.635000000000002,1.045,Sacramento,United States,37.78N,122.03W
1859-03-01,10.292,1.258,Sacramento,United States,37.78N,122.03W
1859-04-01,12.663,1.175,Sacramento,United States,37.78N,122.03W
1859-05-01,15.894,1.621,Sacramento,United States,37.78N,122.03W
1859-06-01,20.117,1.4269999999999998,Sacramento,United States,37.78N,122.03W
1859-07-01,18.453,3.83,Sacramento,United States,37.78N,122.03W
1859-08-01,18.165,4.788,Sacramento,United States,37.78N,122.03W
1859-09-01,17.404,3.387,Sacramento,United States,37.78N,122.03W
1859-10-01,15.930999999999996,1.3559999999999999,Sacramento,United States,37.78N,122.03W
1859-11-01,11.504000000000001,1.6159999999999999,Sacramento,United States,37.78N,122.03W
1859-12-01,6.978,1.422,Sacramento,United States,37.78N,122.03W
1860-01-01,7.846999999999999,2.138,Sacramento,United States,37.78N,122.03W
1860-02-01,9.697,1.344,Sacramento,United States,37.78N,122.03W
1860-03-01,11.540999999999999,2.589,Sacramento,United States,37.78N,122.03W
1860-04-01,13.198,1.492,Sacramento,United States,37.78N,122.03W
1860-05-01,13.72,3.965,Sacramento,United States,37.78N,122.03W
1860-06-01,16.584,3.8930000000000002,Sacramento,United States,37.78N,122.03W
1860-07-01,19.437,0.951,Sacramento,United States,37.78N,122.03W
1860-08-01,20.012999999999998,2.279,Sacramento,United States,37.78N,122.03W
1860-09-01,17.887999999999998,3.2039999999999997,Sacramento,United States,37.78N,122.03W
1860-10-01,14.729000000000001,2.929,Sacramento,United States,37.78N,122.03W
1860-11-01,11.683,0.826,Sacramento,United States,37.78N,122.03W
1860-12-01,9.362,3.04,Sacramento,United States,37.78N,122.03W
1861-01-01,8.481,1.859,Sacramento,United States,37.78N,122.03W
1861-02-01,11.526,0.792,Sacramento,United States,37.78N,122.03W
1861-03-01,12.948,1.4380000000000002,Sacramento,United States,37.78N,122.03W
1861-04-01,15.18,1.0190000000000001,Sacramento,United States,37.78N,122.03W
1861-05-01,16.336,0.909,Sacramento,United States,37.78N,122.03W
1861-06-01,17.895,4.093999999999999,Sacramento,United States,37.78N,122.03W
1861-07-01,20.18,2.5,Sacramento,United States,37.78N,122.03W
1861-08-01,18.987,2.7689999999999997,Sacramento,United States,37.78N,122.03W
1861-09-01,18.529,2.38,Sacramento,United States,37.78N,122.03W
1861-10-01,15.633,3.113,Sacramento,United States,37.78N,122.03W
1861-11-01,12.206,1.7990000000000002,Sacramento,United States,37.78N,122.03W
1861-12-01,10.628,1.462,Sacramento,United States,37.78N,122.03W
1862-01-01,7.9129999999999985,1.771,Sacramento,United States,37.78N,122.03W
1862-02-01,8.679,1.224,Sacramento,United States,37.78N,122.03W
1862-03-01,11.693,0.816,Sacramento,United States,37.78N,122.03W
1862-04-01,13.067,1.083,Sacramento,United States,37.78N,122.03W
1862-05-01,15.311,2.6460000000000004,Sacramento,United States,37.78N,122.03W
1862-06-01,19.129,2.8960000000000004,Sacramento,United States,37.78N,122.03W
1862-07-01,20.325,2.3680000000000003,Sacramento,United States,37.78N,122.03W
1862-08-01,20.237,1.48,Sacramento,United States,37.78N,122.03W
1862-09-01,18.803,1.56,Sacramento,United States,37.78N,122.03W
1862-10-01,17.313,1.242,Sacramento,United States,37.78N,122.03W
1862-11-01,12.087,1.3090000000000002,Sacramento,United States,37.78N,122.03W
1862-12-01,8.652999999999999,2.169,Sacramento,United States,37.78N,122.03W
1863-01-01,8.481,2.555,Sacramento,United States,37.78N,122.03W
1863-02-01,8.846,2.745,Sacramento,United States,37.78N,122.03W
1863-03-01,12.800999999999998,1.147,Sacramento,United States,37.78N,122.03W
1863-04-01,14.207,1.571,Sacramento,United States,37.78N,122.03W
1863-05-01,16.973,1.022,Sacramento,United States,37.78N,122.03W
1863-06-01,17.793,1.6569999999999998,Sacramento,United States,37.78N,122.03W
1863-07-01,20.286,1.3330000000000002,Sacramento,United States,37.78N,122.03W
1863-08-01,18.951,2.395,Sacramento,United States,37.78N,122.03W
1863-09-01,18.87,1.942,Sacramento,United States,37.78N,122.03W
1863-10-01,16.02,1.609,Sacramento,United States,37.78N,122.03W
1863-11-01,11.318,1.165,Sacramento,United States,37.78N,122.03W
1863-12-01,8.667,1.662,Sacramento,United States,37.78N,122.03W
1864-01-01,9.55,1.177,Sacramento,United States,37.78N,122.03W
1864-02-01,11.504,1.944,Sacramento,United States,37.78N,122.03W
1864-03-01,12.684000000000001,0.679,Sacramento,United States,37.78N,122.03W
1864-04-01,15.137,0.833,Sacramento,United States,37.78N,122.03W
1864-05-01,18.0,0.919,Sacramento,United States,37.78N,122.03W
1864-06-01,18.987000000000002,1.4140000000000001,Sacramento,United States,37.78N,122.03W
1864-07-01,19.928,1.472,Sacramento,United States,37.78N,122.03W
1864-08-01,20.526999999999997,1.944,Sacramento,United States,37.78N,122.03W
1864-09-01,18.695999999999998,1.919,Sacramento,United States,37.78N,122.03W
1864-10-01,15.994999999999996,0.8909999999999999,Sacramento,United States,37.78N,122.03W
1864-11-01,11.741,1.206,Sacramento,United States,37.78N,122.03W
1864-12-01,9.361,2.1390000000000002,Sacramento,United States,37.78N,122.03W
1865-01-01,8.386999999999999,1.8230000000000002,Sacramento,United States,37.78N,122.03W
1865-02-01,8.839,1.472,Sacramento,United States,37.78N,122.03W
1865-03-01,10.742,1.421,Sacramento,United States,37.78N,122.03W
1865-04-01,13.056,1.706,Sacramento,United States,37.78N,122.03W
1865-05-01,18.109,1.469,Sacramento,United States,37.78N,122.03W
1865-06-01,19.499000000000002,1.035,Sacramento,United States,37.78N,122.03W
1865-07-01,20.14,2.1,Sacramento,United States,37.78N,122.03W
1865-08-01,19.448,2.2680000000000002,Sacramento,United States,37.78N,122.03W
1865-09-01,18.887,2.281,Sacramento,United States,37.78N,122.03W
1865-10-01,15.278999999999998,1.726,Sacramento,United States,37.78N,122.03W
1865-11-01,13.175,1.5590000000000002,Sacramento,United States,37.78N,122.03W
1865-12-01,6.225,2.762,Sacramento,United States,37.78N,122.03W
1866-01-01,7.564999999999999,1.9769999999999999,Sacramento,United States,37.78N,122.03W
1866-02-01,10.437999999999999,2.5980000000000003,Sacramento,United States,37.78N,122.03W
1866-03-01,11.613,1.146,Sacramento,United States,37.78N,122.03W
1866-04-01,14.642000000000001,1.5959999999999999,Sacramento,United States,37.78N,122.03W
1866-05-01,15.494000000000002,1.307,Sacramento,United States,37.78N,122.03W
1866-06-01,18.876,0.843,Sacramento,United States,37.78N,122.03W
1866-07-01,19.833,1.857,Sacramento,United States,37.78N,122.03W
1866-08-01,19.656,2.242,Sacramento,United States,37.78N,122.03W
1866-09-01,18.569000000000003,2.221,Sacramento,United States,37.78N,122.03W
1866-10-01,16.165,1.3359999999999999,Sacramento,United States,37.78N,122.03W
1866-11-01,12.130999999999998,0.914,Sacramento,United States,37.78N,122.03W
1866-12-01,11.014000000000001,1.452,Sacramento,United States,37.78N,122.03W
1867-01-01,8.876,1.7480000000000002,Sacramento,United States,37.78N,122.03W
1867-02-01,8.530000000000001,1.189,Sacramento,United States,37.78N,122.03W
1867-03-01,9.901,0.8540000000000001,Sacramento,United States,37.78N,122.03W
1867-04-01,14.362,1.966,Sacramento,United States,37.78N,122.03W
1867-05-01,16.517,2.312,Sacramento,United States,37.78N,122.03W
1867-06-01,18.863,2.805,Sacramento,United States,37.78N,122.03W
1867-07-01,19.782,1.4609999999999999,Sacramento,United States,37.78N,122.03W
1867-08-01,19.468,3.4210000000000003,Sacramento,United States,37.78N,122.03W
1867-09-01,18.589000000000002,1.916,Sacramento,United States,37.78N,122.03W
1867-10-01,15.505,0.732,Sacramento,United States,37.78N,122.03W
1867-11-01,12.872,1.9909999999999999,Sacramento,United States,37.78N,122.03W
1867-12-01,10.21,2.708,Sacramento,United States,37.78N,122.03W
1868-01-01,6.978,3.255,Sacramento,United States,37.78N,122.03W
1868-02-01,9.849,2.168,Sacramento,United States,37.78N,122.03W
1868-03-01,12.315,0.976,Sacramento,United States,37.78N,122.03W
1868-04-01,13.934000000000001,1.2,Sacramento,United States,37.78N,122.03W
1868-05-01,16.163,1.1059999999999999,Sacramento,United States,37.78N,122.03W
1868-06-01,17.962,0.975,Sacramento,United States,37.78N,122.03W
1868-07-01,19.624000000000002,1.119,Sacramento,United States,37.78N,122.03W
1868-08-01,19.194000000000003,2.193,Sacramento,United States,37.78N,122.03W
1868-09-01,17.621000000000006,1.767,Sacramento,United States,37.78N,122.03W
1868-10-01,15.997999999999998,1.405,Sacramento,United States,37.78N,122.03W
1868-11-01,12.298,1.169,Sacramento,United States,37.78N,122.03W
1868-12-01,9.01,1.173,Sacramento,United States,37.78N,122.03W
1869-01-01,8.988999999999997,1.6280000000000001,Sacramento,United States,37.78N,122.03W
1869-02-01,10.042000000000002,2.476,Sacramento,United States,37.78N,122.03W
1869-03-01,11.855,3.489,Sacramento,United States,37.78N,122.03W
1869-04-01,14.068,3.175,Sacramento,United States,37.78N,122.03W
1869-05-01,16.477999999999998,3.923,Sacramento,United States,37.78N,122.03W
1869-06-01,18.938,2.543,Sacramento,United States,37.78N,122.03W
1869-07-01,20.175,1.565,Sacramento,United States,37.78N,122.03W
1869-08-01,18.975,2.3890000000000002,Sacramento,United States,37.78N,122.03W
1869-09-01,18.706,1.148,Sacramento,United States,37.78N,122.03W
1869-10-01,16.11,1.256,Sacramento,United States,37.78N,122.03W
1869-11-01,12.421,1.726,Sacramento,United States,37.78N,122.03W
1869-12-01,8.06,2.171,Sacramento,United States,37.78N,122.03W
1870-01-01,9.285,1.208,Sacramento,United States,37.78N,122.03W
1870-02-01,10.624,1.479,Sacramento,United States,37.78N,122.03W
1870-03-01,10.681,1.385,Sacramento,United States,37.78N,122.03W
1870-04-01,13.231,1.665,Sacramento,United States,37.78N,122.03W
1870-05-01,15.216,2.48,Sacramento,United States,37.78N,122.03W
1870-06-01,18.264,2.508,Sacramento,United States,37.78N,122.03W
1870-07-01,20.082,4.5280000000000005,Sacramento,United States,37.78N,122.03W
1870-08-01,19.704,1.709,Sacramento,United States,37.78N,122.03W
1870-09-01,17.711000000000006,1.1179999999999999,Sacramento,United States,37.78N,122.03W
1870-10-01,15.935,0.7929999999999999,Sacramento,United States,37.78N,122.03W
1870-11-01,12.095999999999998,2.057,Sacramento,United States,37.78N,122.03W
1870-12-01,7.435,2.11,Sacramento,United States,37.78N,122.03W
1871-01-01,9.063,1.24,Sacramento,United States,37.78N,122.03W
1871-02-01,9.275,1.6269999999999998,Sacramento,United States,37.78N,122.03W
1871-03-01,11.495,0.955,Sacramento,United States,37.78N,122.03W
1871-04-01,13.265,0.828,Sacramento,United States,37.78N,122.03W
1871-05-01,15.215,1.178,Sacramento,United States,37.78N,122.03W
1871-06-01,18.553,0.943,Sacramento,United States,37.78N,122.03W
1871-07-01,19.439,2.276,Sacramento,United States,37.78N,122.03W
1871-08-01,19.879,1.702,Sacramento,United States,37.78N,122.03W
1871-09-01,18.489,1.713,Sacramento,United States,37.78N,122.03W
1871-10-01,16.392,1.6480000000000001,Sacramento,United States,37.78N,122.03W
1871-11-01,11.228,1.8419999999999999,Sacramento,United States,37.78N,122.03W
1871-12-01,9.802999999999999,0.883,Sacramento,United States,37.78N,122.03W
1872-01-01,9.323,1.979,Sacramento,United States,37.78N,122.03W
1872-02-01,11.265,1.932,Sacramento,United States,37.78N,122.03W
1872-03-01,12.467,1.109,Sacramento,United States,37.78N,122.03W
1872-04-01,12.661,1.9280000000000002,Sacramento,United States,37.78N,122.03W
1872-05-01,16.601,1.2790000000000001,Sacramento,United States,37.78N,122.03W
1872-06-01,18.848,1.454,Sacramento,United States,37.78N,122.03W
1872-07-01,19.793,2.873,Sacramento,United States,37.78N,122.03W
1872-08-01,19.857,2.675,Sacramento,United States,37.78N,122.03W
1872-09-01,18.241,1.744,Sacramento,United States,37.78N,122.03W
1872-10-01,15.586,1.653,Sacramento,United States,37.78N,122.03W
1872-11-01,11.561,1.271,Sacramento,United States,37.78N,122.03W
1872-12-01,9.357999999999999,1.79,Sacramento,United States,37.78N,122.03W
1873-01-01,10.630999999999998,1.045,Sacramento,United States,37.78N,122.03W
1873-02-01,8.857000000000003,1.2919999999999998,Sacramento,United States,37.78N,122.03W
1873-03-01,12.564,0.845,Sacramento,United States,37.78N,122.03W
1873-04-01,13.427,1.84,Sacramento,United States,37.78N,122.03W
1873-05-01,16.133,1.393,Sacramento,United States,37.78N,122.03W
1873-06-01,18.384,0.7040000000000001,Sacramento,United States,37.78N,122.03W
1873-07-01,19.923,1.631,Sacramento,United States,37.78N,122.03W
1873-08-01,18.869,3.995,Sacramento,United States,37.78N,122.03W
1873-09-01,18.33,1.5959999999999999,Sacramento,United States,37.78N,122.03W
1873-10-01,15.166999999999998,1.028,Sacramento,United States,37.78N,122.03W
1873-11-01,13.172,1.8780000000000001,Sacramento,United States,37.78N,122.03W
1873-12-01,8.087,1.159,Sacramento,United States,37.78N,122.03W
1874-01-01,7.510999999999999,1.122,Sacramento,United States,37.78N,122.03W
1874-02-01,9.111,0.9490000000000001,Sacramento,United States,37.78N,122.03W
1874-03-01,10.296,1.0759999999999998,Sacramento,United States,37.78N,122.03W
1874-04-01,13.540999999999999,0.9009999999999999,Sacramento,United States,37.78N,122.03W
1874-05-01,16.524,1.3119999999999998,Sacramento,United States,37.78N,122.03W
1874-06-01,18.684,1.324,Sacramento,United States,37.78N,122.03W
1874-07-01,19.798,0.945,Sacramento,United States,37.78N,122.03W
1874-08-01,19.16,0.774,Sacramento,United States,37.78N,122.03W
1874-09-01,19.083,0.506,Sacramento,United States,37.78N,122.03W
1874-10-01,15.214999999999998,1.071,Sacramento,United States,37.78N,122.03W
1874-11-01,12.071,0.818,Sacramento,United States,37.78N,122.03W
1874-12-01,8.118,0.765,Sacramento,United States,37.78N,122.03W
1875-01-01,7.651,0.7709999999999999,Sacramento,United States,37.78N,122.03W
1875-02-01,10.293,1.3880000000000001,Sacramento,United States,37.78N,122.03W
1875-03-01,10.803,0.821,Sacramento,United States,37.78N,122.03W
1875-04-01,14.934000000000001,1.83,Sacramento,United States,37.78N,122.03W
1875-05-01,17.36,1.274,Sacramento,United States,37.78N,122.03W
1875-06-01,18.677,1.021,Sacramento,United States,37.78N,122.03W
1875-07-01,19.984,1.493,Sacramento,United States,37.78N,122.03W
1875-08-01,19.947,1.5090000000000001,Sacramento,United States,37.78N,122.03W
1875-09-01,17.649,0.8690000000000001,Sacramento,United States,37.78N,122.03W
1875-10-01,17.738999999999994,2.487,Sacramento,United States,37.78N,122.03W
1875-11-01,12.652999999999999,0.986,Sacramento,United States,37.78N,122.03W
1875-12-01,9.391,0.74,Sacramento,United States,37.78N,122.03W
1876-01-01,7.858999999999999,1.5219999999999998,Sacramento,United States,37.78N,122.03W
1876-02-01,9.957,0.815,Sacramento,United States,37.78N,122.03W
1876-03-01,11.285,2.022,Sacramento,United States,37.78N,122.03W
1876-04-01,13.743,0.9490000000000001,Sacramento,United States,37.78N,122.03W
1876-05-01,15.892000000000001,1.57,Sacramento,United States,37.78N,122.03W
1876-06-01,20.199,1.709,Sacramento,United States,37.78N,122.03W
1876-07-01,19.228,0.9079999999999999,Sacramento,United States,37.78N,122.03W
1876-08-01,19.011,0.5539999999999999,Sacramento,United States,37.78N,122.03W
1876-09-01,18.487,1.015,Sacramento,United States,37.78N,122.03W
1876-10-01,16.087,0.938,Sacramento,United States,37.78N,122.03W
1876-11-01,12.689,1.345,Sacramento,United States,37.78N,122.03W
1876-12-01,8.796,1.3430000000000002,Sacramento,United States,37.78N,122.03W
1877-01-01,10.069,1.2309999999999999,Sacramento,United States,37.78N,122.03W
1877-02-01,11.817,1.3319999999999999,Sacramento,United States,37.78N,122.03W
1877-03-01,14.026,0.593,Sacramento,United States,37.78N,122.03W
1877-04-01,13.789000000000001,1.6369999999999998,Sacramento,United States,37.78N,122.03W
1877-05-01,15.484000000000002,1.228,Sacramento,United States,37.78N,122.03W
1877-06-01,19.913,2.423,Sacramento,United States,37.78N,122.03W
1877-07-01,20.252,0.904,Sacramento,United States,37.78N,122.03W
1877-08-01,19.232,0.948,Sacramento,United States,37.78N,122.03W
1877-09-01,19.168,0.679,Sacramento,United States,37.78N,122.03W
1877-10-01,15.201,0.8190000000000001,Sacramento,United States,37.78N,122.03W
1877-11-01,12.197000000000001,1.205,Sacramento,United States,37.78N,122.03W
1877-12-01,9.267000000000001,1.89,Sacramento,United States,37.78N,122.03W
1878-01-01,9.583,1.162,Sacramento,United States,37.78N,122.03W
1878-02-01,10.67,1.264,Sacramento,United States,37.78N,122.03W
1878-03-01,12.649000000000001,0.9570000000000001,Sacramento,United States,37.78N,122.03W
1878-04-01,13.485999999999999,1.074,Sacramento,United States,37.78N,122.03W
1878-05-01,16.438,0.679,Sacramento,United States,37.78N,122.03W
1878-06-01,18.679000000000002,0.8420000000000001,Sacramento,United States,37.78N,122.03W
1878-07-01,18.992,1.167,Sacramento,United States,37.78N,122.03W
1878-08-01,19.081,0.852,Sacramento,United States,37.78N,122.03W
1878-09-01,17.576,0.785,Sacramento,United States,37.78N,122.03W
1878-10-01,15.445999999999998,1.275,Sacramento,United States,37.78N,122.03W
1878-11-01,12.014000000000001,1.129,Sacramento,United States,37.78N,122.03W
1878-12-01,7.831,1.432,Sacramento,United States,37.78N,122.03W
1879-01-01,6.9129999999999985,1.095,Sacramento,United States,37.78N,122.03W
1879-02-01,11.322,0.848,Sacramento,United States,37.78N,122.03W
1879-03-01,13.276,0.708,Sacramento,United States,37.78N,122.03W
1879-04-01,13.974,1.1159999999999999,Sacramento,United States,37.78N,122.03W
1879-05-01,14.652999999999999,1.05,Sacramento,United States,37.78N,122.03W
1879-06-01,18.841,1.175,Sacramento,United States,37.78N,122.03W
1879-07-01,19.096,1.256,Sacramento,United States,37.78N,122.03W
1879-08-01,20.05,0.981,Sacramento,United States,37.78N,122.03W
1879-09-01,18.706,0.843,Sacramento,United States,37.78N,122.03W
1879-10-01,15.659999999999998,1.122,Sacramento,United States,37.78N,122.03W
1879-11-01,10.843,0.619,Sacramento,United States,37.78N,122.03W
1879-12-01,7.087999999999999,1.072,Sacramento,United States,37.78N,122.03W
1880-01-01,6.236999999999999,1.013,Sacramento,United States,37.78N,122.03W
1880-02-01,7.4540000000000015,0.38299999999999995,Sacramento,United States,37.78N,122.03W
1880-03-01,9.229,1.001,Sacramento,United States,37.78N,122.03W
1880-04-01,11.794,0.6890000000000001,Sacramento,United States,37.78N,122.03W
1880-05-01,15.598,1.2830000000000001,Sacramento,United States,37.78N,122.03W
1880-06-01,17.316,0.799,Sacramento,United States,37.78N,122.03W
1880-07-01,19.049,1.047,Sacramento,United States,37.78N,122.03W
1880-08-01,18.855999999999998,1.008,Sacramento,United States,37.78N,122.03W
1880-09-01,17.687,0.7659999999999999,Sacramento,United States,37.78N,122.03W
1880-10-01,15.239,0.956,Sacramento,United States,37.78N,122.03W
1880-11-01,10.279000000000002,2.0709999999999997,Sacramento,United States,37.78N,122.03W
1880-12-01,9.937000000000001,0.615,Sacramento,United States,37.78N,122.03W
1881-01-01,10.008,0.91,Sacramento,United States,37.78N,122.03W
1881-02-01,11.883,0.9309999999999999,Sacramento,United States,37.78N,122.03W
1881-03-01,12.496,0.527,Sacramento,United States,37.78N,122.03W
1881-04-01,15.21,0.64,Sacramento,United States,37.78N,122.03W
1881-05-01,16.776,0.762,Sacramento,United States,37.78N,122.03W
1881-06-01,17.644000000000002,1.383,Sacramento,United States,37.78N,122.03W
1881-07-01,19.711,1.046,Sacramento,United States,37.78N,122.03W
1881-08-01,18.963,1.041,Sacramento,United States,37.78N,122.03W
1881-09-01,17.783,0.629,Sacramento,United States,37.78N,122.03W
1881-10-01,13.406,0.33799999999999997,Sacramento,United States,37.78N,122.03W
1881-11-01,10.632,0.526,Sacramento,United States,37.78N,122.03W
1881-12-01,8.171,0.932,Sacramento,United States,37.78N,122.03W
1882-01-01,7.095,1.217,Sacramento,United States,37.78N,122.03W
1882-02-01,7.535,0.657,Sacramento,United States,37.78N,122.03W
1882-03-01,11.189,0.679,Sacramento,United States,37.78N,122.03W
1882-04-01,12.311,0.7070000000000001,Sacramento,United States,37.78N,122.03W
1882-05-01,16.015,0.506,Sacramento,United States,37.78N,122.03W
1882-06-01,17.616,1.075,Sacramento,United States,37.78N,122.03W
1882-07-01,19.711,0.711,Sacramento,United States,37.78N,122.03W
1882-08-01,19.438,0.631,Sacramento,United States,37.78N,122.03W
1882-09-01,18.329,0.802,Sacramento,United States,37.78N,122.03W
1882-10-01,14.364999999999998,0.6659999999999999,Sacramento,United States,37.78N,122.03W
1882-11-01,10.207,0.895,Sacramento,United States,37.78N,122.03W
1882-12-01,9.092,0.406,Sacramento,United States,37.78N,122.03W
1883-01-01,6.337999999999999,0.579,Sacramento,United States,37.78N,122.03W
1883-02-01,7.542000000000002,1.272,Sacramento,United States,37.78N,122.03W
1883-03-01,12.665,0.737,Sacramento,United States,37.78N,122.03W
1883-04-01,12.347000000000001,0.5770000000000001,Sacramento,United States,37.78N,122.03W
1883-05-01,15.78,0.46,Sacramento,United States,37.78N,122.03W
1883-06-01,20.195,0.519,Sacramento,United States,37.78N,122.03W
1883-07-01,19.999000000000002,0.802,Sacramento,United States,37.78N,122.03W
1883-08-01,19.28,0.7609999999999999,Sacramento,United States,37.78N,122.03W
1883-09-01,19.939,0.457,Sacramento,United States,37.78N,122.03W
1883-10-01,14.195,0.319,Sacramento,United States,37.78N,122.03W
1883-11-01,10.6,0.46,Sacramento,United States,37.78N,122.03W
1883-12-01,8.222999999999999,0.821,Sacramento,United States,37.78N,122.03W
1884-01-01,8.164,0.371,Sacramento,United States,37.78N,122.03W
1884-02-01,8.993,0.975,Sacramento,United States,37.78N,122.03W
1884-03-01,11.621,0.8029999999999999,Sacramento,United States,37.78N,122.03W
1884-04-01,12.877,1.083,Sacramento,United States,37.78N,122.03W
1884-05-01,16.361,0.677,Sacramento,United States,37.78N,122.03W
1884-06-01,17.322,1.4680000000000002,Sacramento,United States,37.78N,122.03W
1884-07-01,19.668,1.494,Sacramento,United States,37.78N,122.03W
1884-08-01,19.73,0.6890000000000001,Sacramento,United States,37.78N,122.03W
1884-09-01,17.023,0.7509999999999999,Sacramento,United States,37.78N,122.03W
1884-10-01,14.705999999999998,0.573,Sacramento,United States,37.78N,122.03W
1884-11-01,12.737,0.79,Sacramento,United States,37.78N,122.03W
1884-12-01,9.419,0.997,Sacramento,United States,37.78N,122.03W
1885-01-01,8.956,1.2770000000000001,Sacramento,United States,37.78N,122.03W
1885-02-01,11.654000000000002,0.629,Sacramento,United States,37.78N,122.03W
1885-03-01,13.938,0.6559999999999999,Sacramento,United States,37.78N,122.03W
1885-04-01,14.620999999999999,0.647,Sacramento,United States,37.78N,122.03W
1885-05-01,16.657,0.755,Sacramento,United States,37.78N,122.03W
1885-06-01,17.105999999999998,1.177,Sacramento,United States,37.78N,122.03W
1885-07-01,19.56,1.655,Sacramento,United States,37.78N,122.03W
1885-08-01,19.77,1.058,Sacramento,United States,37.78N,122.03W
1885-09-01,18.98,0.904,Sacramento,United States,37.78N,122.03W
1885-10-01,16.465999999999998,0.9690000000000001,Sacramento,United States,37.78N,122.03W
1885-11-01,12.713,0.79,Sacramento,United States,37.78N,122.03W
1885-12-01,10.152,0.995,Sacramento,United States,37.78N,122.03W
1886-01-01,8.155,1.031,Sacramento,United States,37.78N,122.03W
1886-02-01,11.898,0.868,Sacramento,United States,37.78N,122.03W
1886-03-01,10.876,0.643,Sacramento,United States,37.78N,122.03W
1886-04-01,12.959000000000001,0.504,Sacramento,United States,37.78N,122.03W
1886-05-01,16.285,0.701,Sacramento,United States,37.78N,122.03W
1886-06-01,19.116,0.5670000000000001,Sacramento,United States,37.78N,122.03W
1886-07-01,20.357,0.605,Sacramento,United States,37.78N,122.03W
1886-08-01,20.469,0.7040000000000001,Sacramento,United States,37.78N,122.03W
1886-09-01,18.804,0.419,Sacramento,United States,37.78N,122.03W
1886-10-01,14.381999999999998,0.562,Sacramento,United States,37.78N,122.03W
1886-11-01,11.145,0.848,Sacramento,United States,37.78N,122.03W
1886-12-01,10.529000000000002,1.4340000000000002,Sacramento,United States,37.78N,122.03W
1887-01-01,9.178,0.929,Sacramento,United States,37.78N,122.03W
1887-02-01,7.249,1.1320000000000001,Sacramento,United States,37.78N,122.03W
1887-03-01,13.255,0.71,Sacramento,United States,37.78N,122.03W
1887-04-01,13.399000000000001,0.40700000000000003,Sacramento,United States,37.78N,122.03W
1887-05-01,15.89,0.573,Sacramento,United States,37.78N,122.03W
1887-06-01,18.409000000000002,0.909,Sacramento,United States,37.78N,122.03W
1887-07-01,18.472,0.626,Sacramento,United States,37.78N,122.03W
1887-08-01,18.269,0.7979999999999999,Sacramento,United States,37.78N,122.03W
1887-09-01,18.963,0.634,Sacramento,United States,37.78N,122.03W
1887-10-01,17.750999999999994,0.61,Sacramento,United States,37.78N,122.03W
1887-11-01,12.525,0.9079999999999999,Sacramento,United States,37.78N,122.03W
1887-12-01,9.191,0.7,Sacramento,United States,37.78N,122.03W
1888-01-01,6.634,1.036,Sacramento,United States,37.78N,122.03W
1888-02-01,10.915999999999999,1.071,Sacramento,United States,37.78N,122.03W
1888-03-01,11.479000000000001,0.7,Sacramento,United States,37.78N,122.03W
1888-04-01,15.267000000000001,0.7909999999999999,Sacramento,United States,37.78N,122.03W
1888-05-01,15.616,0.7020000000000001,Sacramento,United States,37.78N,122.03W
1888-06-01,18.394000000000002,1.761,Sacramento,United States,37.78N,122.03W
1888-07-01,19.656,1.4780000000000002,Sacramento,United States,37.78N,122.03W
1888-08-01,20.087,1.19,Sacramento,United States,37.78N,122.03W
1888-09-01,20.134,1.01,Sacramento,United States,37.78N,122.03W
1888-10-01,16.500999999999998,0.78,Sacramento,United States,37.78N,122.03W
1888-11-01,12.031,0.89,Sacramento,United States,37.78N,122.03W
1888-12-01,9.732999999999999,1.314,Sacramento,United States,37.78N,122.03W
1889-01-01,7.587000000000001,1.01,Sacramento,United States,37.78N,122.03W
1889-02-01,10.384,1.1,Sacramento,United States,37.78N,122.03W
1889-03-01,13.303,0.423,Sacramento,United States,37.78N,122.03W
1889-04-01,15.273,0.406,Sacramento,United States,37.78N,122.03W
1889-05-01,16.575,0.846,Sacramento,United States,37.78N,122.03W
1889-06-01,18.722,1.013,Sacramento,United States,37.78N,122.03W
1889-07-01,19.276,0.873,Sacramento,United States,37.78N,122.03W
1889-08-01,19.399,0.809,Sacramento,United States,37.78N,122.03W
1889-09-01,19.86,0.773,Sacramento,United States,37.78N,122.03W
1889-10-01,15.868999999999998,0.39799999999999996,Sacramento,United States,37.78N,122.03W
1889-11-01,12.59,1.39,Sacramento,United States,37.78N,122.03W
1889-12-01,8.857999999999999,1.229,Sacramento,United States,37.78N,122.03W
1890-01-01,5.783,0.769,Sacramento,United States,37.78N,122.03W
1890-02-01,8.422,0.62,Sacramento,United States,37.78N,122.03W
1890-03-01,11.398,0.938,Sacramento,United States,37.78N,122.03W
1890-04-01,13.359000000000002,0.635,Sacramento,United States,37.78N,122.03W
1890-05-01,16.701999999999998,1.1420000000000001,Sacramento,United States,37.78N,122.03W
1890-06-01,17.239,1.474,Sacramento,United States,37.78N,122.03W
1890-07-01,19.747,0.79,Sacramento,United States,37.78N,122.03W
1890-08-01,19.852,0.7979999999999999,Sacramento,United States,37.78N,122.03W
1890-09-01,18.592,0.637,Sacramento,United States,37.78N,122.03W
1890-10-01,16.334,0.745,Sacramento,United States,37.78N,122.03W
1890-11-01,12.936,0.764,Sacramento,United States,37.78N,122.03W
1890-12-01,8.197000000000001,0.912,Sacramento,United States,37.78N,122.03W
1891-01-01,8.684,1.012,Sacramento,United States,37.78N,122.03W
1891-02-01,9.068999999999999,0.9129999999999999,Sacramento,United States,37.78N,122.03W
1891-03-01,12.323,0.485,Sacramento,United States,37.78N,122.03W
1891-04-01,12.814,0.415,Sacramento,United States,37.78N,122.03W
1891-05-01,15.228,0.462,Sacramento,United States,37.78N,122.03W
1891-06-01,18.645,0.615,Sacramento,United States,37.78N,122.03W
1891-07-01,20.751,0.529,Sacramento,United States,37.78N,122.03W
1891-08-01,20.965999999999998,0.4,Sacramento,United States,37.78N,122.03W
1891-09-01,18.744,0.764,Sacramento,United States,37.78N,122.03W
1891-10-01,15.803999999999998,0.568,Sacramento,United States,37.78N,122.03W
1891-11-01,12.885,1.3559999999999999,Sacramento,United States,37.78N,122.03W
1891-12-01,7.6160000000000005,0.6629999999999999,Sacramento,United States,37.78N,122.03W
1892-01-01,8.918999999999997,0.9690000000000001,Sacramento,United States,37.78N,122.03W
1892-02-01,10.577,0.555,Sacramento,United States,37.78N,122.03W
1892-03-01,12.109000000000002,0.94,Sacramento,United States,37.78N,122.03W
1892-04-01,12.165,0.415,Sacramento,United States,37.78N,122.03W
1892-05-01,15.860999999999999,0.574,Sacramento,United States,37.78N,122.03W
1892-06-01,16.936999999999998,0.723,Sacramento,United States,37.78N,122.03W
1892-07-01,18.582,0.7809999999999999,Sacramento,United States,37.78N,122.03W
1892-08-01,19.285,0.44299999999999995,Sacramento,United States,37.78N,122.03W
1892-09-01,17.936,0.7020000000000001,Sacramento,United States,37.78N,122.03W
1892-10-01,15.115999999999998,0.955,Sacramento,United States,37.78N,122.03W
1892-11-01,12.325999999999999,0.8959999999999999,Sacramento,United States,37.78N,122.03W
1892-12-01,8.812999999999999,1.089,Sacramento,United States,37.78N,122.03W
1893-01-01,6.419,0.6579999999999999,Sacramento,United States,37.78N,122.03W
1893-02-01,8.558,0.706,Sacramento,United States,37.78N,122.03W
1893-03-01,10.331,0.898,Sacramento,United States,37.78N,122.03W
1893-04-01,11.860999999999999,0.838,Sacramento,United States,37.78N,122.03W
1893-05-01,15.732999999999999,0.528,Sacramento,United States,37.78N,122.03W
1893-06-01,17.487000000000002,0.46399999999999997,Sacramento,United States,37.78N,122.03W
1893-07-01,19.517,0.978,Sacramento,United States,37.78N,122.03W
1893-08-01,19.11,1.037,Sacramento,United States,37.78N,122.03W
1893-09-01,16.499000000000002,0.932,Sacramento,United States,37.78N,122.03W
1893-10-01,14.086999999999998,0.451,Sacramento,United States,37.78N,122.03W
1893-11-01,11.739,0.5579999999999999,Sacramento,United States,37.78N,122.03W
1893-12-01,9.467,0.665,Sacramento,United States,37.78N,122.03W
1894-01-01,6.718,0.938,Sacramento,United States,37.78N,122.03W
1894-02-01,7.897,1.0170000000000001,Sacramento,United States,37.78N,122.03W
1894-03-01,10.297,0.848,Sacramento,United States,37.78N,122.03W
1894-04-01,13.927,0.5529999999999999,Sacramento,United States,37.78N,122.03W
1894-05-01,15.504000000000001,0.654,Sacramento,United States,37.78N,122.03W
1894-06-01,16.218,0.687,Sacramento,United States,37.78N,122.03W
1894-07-01,19.409000000000002,0.8290000000000001,Sacramento,United States,37.78N,122.03W
1894-08-01,20.062,0.466,Sacramento,United States,37.78N,122.03W
1894-09-01,19.137,0.721,Sacramento,United States,37.78N,122.03W
1894-10-01,15.173999999999998,0.46299999999999997,Sacramento,United States,37.78N,122.03W
1894-11-01,13.07,0.62,Sacramento,United States,37.78N,122.03W
1894-12-01,8.166,0.862,Sacramento,United States,37.78N,122.03W
1895-01-01,7.35,0.708,Sacramento,United States,37.78N,122.03W
1895-02-01,10.515999999999998,0.532,Sacramento,United States,37.78N,122.03W
1895-03-01,11.005999999999998,0.667,Sacramento,United States,37.78N,122.03W
1895-04-01,13.353,0.696,Sacramento,United States,37.78N,122.03W
1895-05-01,16.11,0.618,Sacramento,United States,37.78N,122.03W
1895-06-01,19.226,0.5720000000000001,Sacramento,United States,37.78N,122.03W
1895-07-01,18.955,0.669,Sacramento,United States,37.78N,122.03W
1895-08-01,19.149,0.439,Sacramento,United States,37.78N,122.03W
1895-09-01,17.250999999999998,0.78,Sacramento,United States,37.78N,122.03W
1895-10-01,16.022000000000002,0.639,Sacramento,United States,37.78N,122.03W
1895-11-01,11.34,0.49700000000000005,Sacramento,United States,37.78N,122.03W
1895-12-01,7.114,0.745,Sacramento,United States,37.78N,122.03W
1896-01-01,9.478,0.604,Sacramento,United States,37.78N,122.03W
1896-02-01,11.065999999999999,0.631,Sacramento,United States,37.78N,122.03W
1896-03-01,12.139000000000001,0.374,Sacramento,United States,37.78N,122.03W
1896-04-01,10.952,0.612,Sacramento,United States,37.78N,122.03W
1896-05-01,14.566,0.628,Sacramento,United States,37.78N,122.03W
1896-06-01,18.804000000000002,0.79,Sacramento,United States,37.78N,122.03W
1896-07-01,21.049,0.7490000000000001,Sacramento,United States,37.78N,122.03W
1896-08-01,19.438,0.649,Sacramento,United States,37.78N,122.03W
1896-09-01,17.494,0.504,Sacramento,United States,37.78N,122.03W
1896-10-01,15.691999999999998,1.061,Sacramento,United States,37.78N,122.03W
1896-11-01,10.407,0.41200000000000003,Sacramento,United States,37.78N,122.03W
1896-12-01,9.542,0.568,Sacramento,United States,37.78N,122.03W
1897-01-01,6.893999999999999,0.782,Sacramento,United States,37.78N,122.03W
1897-02-01,8.924000000000003,0.515,Sacramento,United States,37.78N,122.03W
1897-03-01,8.789,0.36700000000000005,Sacramento,United States,37.78N,122.03W
1897-04-01,14.825999999999999,0.564,Sacramento,United States,37.78N,122.03W
1897-05-01,17.099,0.28300000000000003,Sacramento,United States,37.78N,122.03W
1897-06-01,18.596,0.805,Sacramento,United States,37.78N,122.03W
1897-07-01,20.338,0.809,Sacramento,United States,37.78N,122.03W
1897-08-01,19.156,0.491,Sacramento,United States,37.78N,122.03W
1897-09-01,18.303,0.728,Sacramento,United States,37.78N,122.03W
1897-10-01,14.688999999999998,0.48700000000000004,Sacramento,United States,37.78N,122.03W
1897-11-01,10.245,0.8270000000000001,Sacramento,United States,37.78N,122.03W
1897-12-01,7.818,0.579,Sacramento,United States,37.78N,122.03W
1898-01-01,5.94,0.853,Sacramento,United States,37.78N,122.03W
1898-02-01,10.427,0.644,Sacramento,United States,37.78N,122.03W
1898-03-01,10.382,0.534,Sacramento,United States,37.78N,122.03W
1898-04-01,14.649,0.37200000000000005,Sacramento,United States,37.78N,122.03W
1898-05-01,13.904000000000002,0.5429999999999999,Sacramento,United States,37.78N,122.03W
1898-06-01,18.739,0.75,Sacramento,United States,37.78N,122.03W
1898-07-01,19.403,1.423,Sacramento,United States,37.78N,122.03W
1898-08-01,19.32,1.052,Sacramento,United States,37.78N,122.03W
1898-09-01,17.885,0.736,Sacramento,United States,37.78N,122.03W
1898-10-01,15.808999999999996,0.358,Sacramento,United States,37.78N,122.03W
1898-11-01,11.325999999999999,0.5589999999999999,Sacramento,United States,37.78N,122.03W
1898-12-01,7.466,0.813,Sacramento,United States,37.78N,122.03W
1899-01-01,9.957,0.7240000000000001,Sacramento,United States,37.78N,122.03W
1899-02-01,10.151,0.818,Sacramento,United States,37.78N,122.03W
1899-03-01,11.143,0.59,Sacramento,United States,37.78N,122.03W
1899-04-01,13.681,0.444,Sacramento,United States,37.78N,122.03W
1899-05-01,13.93,0.309,Sacramento,United States,37.78N,122.03W
1899-06-01,18.928,0.47,Sacramento,United States,37.78N,122.03W
1899-07-01,18.801,0.622,Sacramento,United States,37.78N,122.03W
1899-08-01,18.053,0.755,Sacramento,United States,37.78N,122.03W
1899-09-01,18.85,0.639,Sacramento,United States,37.78N,122.03W
1899-10-01,14.611999999999998,0.5539999999999999,Sacramento,United States,37.78N,122.03W
1899-11-01,12.584000000000001,0.509,Sacramento,United States,37.78N,122.03W
1899-12-01,7.767,0.753,Sacramento,United States,37.78N,122.03W
1900-01-01,9.147,0.871,Sacramento,United States,37.78N,122.03W
1900-02-01,10.811,0.978,Sacramento,United States,37.78N,122.03W
1900-03-01,13.297,0.307,Sacramento,United States,37.78N,122.03W
1900-04-01,12.841,0.475,Sacramento,United States,37.78N,122.03W
1900-05-01,16.65,0.354,Sacramento,United States,37.78N,122.03W
1900-06-01,18.756,0.44,Sacramento,United States,37.78N,122.03W
1900-07-01,19.995,0.6940000000000001,Sacramento,United States,37.78N,122.03W
1900-08-01,19.087,0.831,Sacramento,United States,37.78N,122.03W
1900-09-01,18.417,0.467,Sacramento,United States,37.78N,122.03W
1900-10-01,15.118,0.483,Sacramento,United States,37.78N,122.03W
1900-11-01,12.907,0.7859999999999999,Sacramento,United States,37.78N,122.03W
1900-12-01,8.677999999999999,0.6829999999999999,Sacramento,United States,37.78N,122.03W
1901-01-01,8.418999999999999,0.48,Sacramento,United States,37.78N,122.03W
1901-02-01,10.242,0.679,Sacramento,United States,37.78N,122.03W
1901-03-01,12.664000000000001,0.5589999999999999,Sacramento,United States,37.78N,122.03W
1901-04-01,12.422,0.8320000000000001,Sacramento,United States,37.78N,122.03W
1901-05-01,15.072000000000001,0.631,Sacramento,United States,37.78N,122.03W
1901-06-01,18.141,0.7240000000000001,Sacramento,United States,37.78N,122.03W
1901-07-01,19.05,1.022,Sacramento,United States,37.78N,122.03W
1901-08-01,19.173,0.728,Sacramento,United States,37.78N,122.03W
1901-09-01,17.453,0.48100000000000004,Sacramento,United States,37.78N,122.03W
1901-10-01,17.25,0.46399999999999997,Sacramento,United States,37.78N,122.03W
1901-11-01,13.324000000000002,0.7290000000000001,Sacramento,United States,37.78N,122.03W
1901-12-01,8.863999999999999,0.47600000000000003,Sacramento,United States,37.78N,122.03W
1902-01-01,6.658,0.835,Sacramento,United States,37.78N,122.03W
1902-02-01,11.048,0.42,Sacramento,United States,37.78N,122.03W
1902-03-01,10.697000000000001,0.331,Sacramento,United States,37.78N,122.03W
1902-04-01,13.137,0.414,Sacramento,United States,37.78N,122.03W
1902-05-01,14.860999999999999,0.473,Sacramento,United States,37.78N,122.03W
1902-06-01,18.566,0.604,Sacramento,United States,37.78N,122.03W
1902-07-01,19.926,0.45799999999999996,Sacramento,United States,37.78N,122.03W
1902-08-01,19.624,0.644,Sacramento,United States,37.78N,122.03W
1902-09-01,19.22,0.368,Sacramento,United States,37.78N,122.03W
1902-10-01,15.538999999999998,0.27699999999999997,Sacramento,United States,37.78N,122.03W
1902-11-01,10.988,0.354,Sacramento,United States,37.78N,122.03W
1902-12-01,8.539,0.772,Sacramento,United States,37.78N,122.03W
1903-01-01,7.456999999999999,0.598,Sacramento,United States,37.78N,122.03W
1903-02-01,7.4460000000000015,0.568,Sacramento,United States,37.78N,122.03W
1903-03-01,11.121,0.5820000000000001,Sacramento,United States,37.78N,122.03W
1903-04-01,12.787,0.509,Sacramento,United States,37.78N,122.03W
1903-05-01,16.164,0.28600000000000003,Sacramento,United States,37.78N,122.03W
1903-06-01,19.221,0.40299999999999997,Sacramento,United States,37.78N,122.03W
1903-07-01,18.643,0.313,Sacramento,United States,37.78N,122.03W
1903-08-01,19.158,0.33299999999999996,Sacramento,United States,37.78N,122.03W
1903-09-01,18.872,0.42,Sacramento,United States,37.78N,122.03W
1903-10-01,17.223,0.46299999999999997,Sacramento,United States,37.78N,122.03W
1903-11-01,12.646,0.623,Sacramento,United States,37.78N,122.03W
1903-12-01,8.75,0.54,Sacramento,United States,37.78N,122.03W
1904-01-01,7.656000000000001,0.613,Sacramento,United States,37.78N,122.03W
1904-02-01,9.418,0.588,Sacramento,United States,37.78N,122.03W
1904-03-01,11.347000000000001,0.522,Sacramento,United States,37.78N,122.03W
1904-04-01,13.794,0.32899999999999996,Sacramento,United States,37.78N,122.03W
1904-05-01,17.445,0.28600000000000003,Sacramento,United States,37.78N,122.03W
1904-06-01,19.336,0.34,Sacramento,United States,37.78N,122.03W
1904-07-01,19.015,0.499,Sacramento,United States,37.78N,122.03W
1904-08-01,19.097,0.649,Sacramento,United States,37.78N,122.03W
1904-09-01,20.128,0.35600000000000004,Sacramento,United States,37.78N,122.03W
1904-10-01,16.147000000000002,0.414,Sacramento,United States,37.78N,122.03W
1904-11-01,12.537,0.514,Sacramento,United States,37.78N,122.03W
1904-12-01,8.105,0.507,Sacramento,United States,37.78N,122.03W
1905-01-01,9.014,0.637,Sacramento,United States,37.78N,122.03W
1905-02-01,10.812,0.5539999999999999,Sacramento,United States,37.78N,122.03W
1905-03-01,13.518,0.294,Sacramento,United States,37.78N,122.03W
1905-04-01,14.19,0.266,Sacramento,United States,37.78N,122.03W
1905-05-01,14.699000000000002,0.363,Sacramento,United States,37.78N,122.03W
1905-06-01,17.354,0.41200000000000003,Sacramento,United States,37.78N,122.03W
1905-07-01,20.102,0.257,Sacramento,United States,37.78N,122.03W
1905-08-01,19.419,0.245,Sacramento,United States,37.78N,122.03W
1905-09-01,18.667,0.272,Sacramento,United States,37.78N,122.03W
1905-10-01,15.557,0.39,Sacramento,United States,37.78N,122.03W
1905-11-01,11.774000000000001,0.301,Sacramento,United States,37.78N,122.03W
1905-12-01,7.586,0.504,Sacramento,United States,37.78N,122.03W
1906-01-01,8.975,0.541,Sacramento,United States,37.78N,122.03W
1906-02-01,12.048,0.387,Sacramento,United States,37.78N,122.03W
1906-03-01,11.746,0.359,Sacramento,United States,37.78N,122.03W
1906-04-01,13.991,0.295,Sacramento,United States,37.78N,122.03W
1906-05-01,15.239,0.47,Sacramento,United States,37.78N,122.03W
1906-06-01,18.144000000000002,0.55,Sacramento,United States,37.78N,122.03W
1906-07-01,21.393,0.513,Sacramento,United States,37.78N,122.03W
1906-08-01,19.942,0.426,Sacramento,United States,37.78N,122.03W
1906-09-01,18.874000000000002,0.32299999999999995,Sacramento,United States,37.78N,122.03W
1906-10-01,16.968999999999998,0.36200000000000004,Sacramento,United States,37.78N,122.03W
1906-11-01,11.728,0.47200000000000003,Sacramento,United States,37.78N,122.03W
1906-12-01,8.634,0.981,Sacramento,United States,37.78N,122.03W
1907-01-01,7.415999999999999,0.55,Sacramento,United States,37.78N,122.03W
1907-02-01,12.332,0.366,Sacramento,United States,37.78N,122.03W
1907-03-01,10.555,0.43,Sacramento,United States,37.78N,122.03W
1907-04-01,14.597999999999999,0.27899999999999997,Sacramento,United States,37.78N,122.03W
1907-05-01,15.617,0.5710000000000001,Sacramento,United States,37.78N,122.03W
1907-06-01,17.389,0.47100000000000003,Sacramento,United States,37.78N,122.03W
1907-07-01,19.148,0.4,Sacramento,United States,37.78N,122.03W
1907-08-01,19.136,0.48,Sacramento,United States,37.78N,122.03W
1907-09-01,17.546,0.621,Sacramento,United States,37.78N,122.03W
1907-10-01,16.282999999999998,0.41100000000000003,Sacramento,United States,37.78N,122.03W
1907-11-01,12.584000000000001,0.445,Sacramento,United States,37.78N,122.03W
1907-12-01,9.494,0.5479999999999999,Sacramento,United States,37.78N,122.03W
1908-01-01,8.946,0.574,Sacramento,United States,37.78N,122.03W
1908-02-01,9.274,0.479,Sacramento,United States,37.78N,122.03W
1908-03-01,12.039000000000001,0.506,Sacramento,United States,37.78N,122.03W
1908-04-01,14.609000000000002,0.40299999999999997,Sacramento,United States,37.78N,122.03W
1908-05-01,14.615,0.514,Sacramento,United States,37.78N,122.03W
1908-06-01,16.855,0.757,Sacramento,United States,37.78N,122.03W
1908-07-01,20.539,0.715,Sacramento,United States,37.78N,122.03W
1908-08-01,19.067999999999998,0.5820000000000001,Sacramento,United States,37.78N,122.03W
1908-09-01,18.840999999999998,0.292,Sacramento,United States,37.78N,122.03W
1908-10-01,14.797999999999998,0.418,Sacramento,United States,37.78N,122.03W
1908-11-01,11.979000000000001,0.525,Sacramento,United States,37.78N,122.03W
1908-12-01,6.6080000000000005,0.866,Sacramento,United States,37.78N,122.03W
1909-01-01,10.093,0.622,Sacramento,United States,37.78N,122.03W
1909-02-01,9.851,0.285,Sacramento,United States,37.78N,122.03W
1909-03-01,10.499,0.366,Sacramento,United States,37.78N,122.03W
1909-04-01,14.424000000000001,0.322,Sacramento,United States,37.78N,122.03W
1909-05-01,14.892000000000001,0.466,Sacramento,United States,37.78N,122.03W
1909-06-01,17.582,0.442,Sacramento,United States,37.78N,122.03W
1909-07-01,18.948,0.596,Sacramento,United States,37.78N,122.03W
1909-08-01,18.882,0.47600000000000003,Sacramento,United States,37.78N,122.03W
1909-09-01,18.846,0.326,Sacramento,United States,37.78N,122.03W
1909-10-01,15.401999999999996,0.321,Sacramento,United States,37.78N,122.03W
1909-11-01,11.657,0.315,Sacramento,United States,37.78N,122.03W
1909-12-01,7.496,0.43700000000000006,Sacramento,United States,37.78N,122.03W
1910-01-01,6.5299999999999985,0.37799999999999995,Sacramento,United States,37.78N,122.03W
1910-02-01,9.0,0.22,Sacramento,United States,37.78N,122.03W
1910-03-01,13.086,0.498,Sacramento,United States,37.78N,122.03W
1910-04-01,14.834000000000001,0.321,Sacramento,United States,37.78N,122.03W
1910-05-01,17.311,0.424,Sacramento,United States,37.78N,122.03W
1910-06-01,16.855999999999998,0.366,Sacramento,United States,37.78N,122.03W
1910-07-01,19.215,0.643,Sacramento,United States,37.78N,122.03W
1910-08-01,18.526,0.568,Sacramento,United States,37.78N,122.03W
1910-09-01,17.119,0.52,Sacramento,United States,37.78N,122.03W
1910-10-01,16.407,0.49,Sacramento,United States,37.78N,122.03W
1910-11-01,11.685,0.461,Sacramento,United States,37.78N,122.03W
1910-12-01,9.45,0.547,Sacramento,United States,37.78N,122.03W
1911-01-01,8.747,0.33,Sacramento,United States,37.78N,122.03W
1911-02-01,8.124,0.479,Sacramento,United States,37.78N,122.03W
1911-03-01,12.435,0.365,Sacramento,United States,37.78N,122.03W
1911-04-01,12.502,0.309,Sacramento,United States,37.78N,122.03W
1911-05-01,14.389000000000001,0.488,Sacramento,United States,37.78N,122.03W
1911-06-01,16.811999999999998,0.619,Sacramento,United States,37.78N,122.03W
1911-07-01,19.296,0.741,Sacramento,United States,37.78N,122.03W
1911-08-01,17.675,0.33799999999999997,Sacramento,United States,37.78N,122.03W
1911-09-01,16.655,0.614,Sacramento,United States,37.78N,122.03W
1911-10-01,15.159,0.366,Sacramento,United States,37.78N,122.03W
1911-11-01,11.575999999999999,0.45,Sacramento,United States,37.78N,122.03W
1911-12-01,8.122,0.7,Sacramento,United States,37.78N,122.03W
1912-01-01,9.238,0.679,Sacramento,United States,37.78N,122.03W
1912-02-01,11.12,0.501,Sacramento,United States,37.78N,122.03W
1912-03-01,10.629000000000001,0.361,Sacramento,United States,37.78N,122.03W
1912-04-01,11.638,0.366,Sacramento,United States,37.78N,122.03W
1912-05-01,15.797,0.191,Sacramento,United States,37.78N,122.03W
1912-06-01,18.501,0.23600000000000002,Sacramento,United States,37.78N,122.03W
1912-07-01,18.663,0.401,Sacramento,United States,37.78N,122.03W
1912-08-01,18.87,0.513,Sacramento,United States,37.78N,122.03W
1912-09-01,18.733,0.311,Sacramento,United States,37.78N,122.03W
1912-10-01,14.396999999999998,0.22899999999999998,Sacramento,United States,37.78N,122.03W
1912-11-01,11.661,0.49200000000000005,Sacramento,United States,37.78N,122.03W
1912-12-01,8.107000000000001,0.402,Sacramento,United States,37.78N,122.03W
1913-01-01,6.635,0.629,Sacramento,United States,37.78N,122.03W
1913-02-01,9.885000000000002,0.589,Sacramento,United States,37.78N,122.03W
1913-03-01,10.928,0.285,Sacramento,United States,37.78N,122.03W
1913-04-01,13.274000000000001,0.203,Sacramento,United States,37.78N,122.03W
1913-05-01,15.952,0.528,Sacramento,United States,37.78N,122.03W
1913-06-01,17.578,0.46799999999999997,Sacramento,United States,37.78N,122.03W
1913-07-01,20.446,0.47100000000000003,Sacramento,United States,37.78N,122.03W
1913-08-01,21.070999999999998,0.45799999999999996,Sacramento,United States,37.78N,122.03W
1913-09-01,20.192,0.297,Sacramento,United States,37.78N,122.03W
1913-10-01,16.567999999999998,0.537,Sacramento,United States,37.78N,122.03W
1913-11-01,11.924000000000001,0.515,Sacramento,United States,37.78N,122.03W
1913-12-01,8.135,0.53,Sacramento,United States,37.78N,122.03W
1914-01-01,9.223,0.603,Sacramento,United States,37.78N,122.03W
1914-02-01,10.392,0.405,Sacramento,United States,37.78N,122.03W
1914-03-01,14.002,0.292,Sacramento,United States,37.78N,122.03W
1914-04-01,14.367,0.35700000000000004,Sacramento,United States,37.78N,122.03W
1914-05-01,15.855,0.72,Sacramento,United States,37.78N,122.03W
1914-06-01,17.144000000000002,0.361,Sacramento,United States,37.78N,122.03W
1914-07-01,18.699,0.419,Sacramento,United States,37.78N,122.03W
1914-08-01,18.965999999999998,0.733,Sacramento,United States,37.78N,122.03W
1914-09-01,17.688,0.785,Sacramento,United States,37.78N,122.03W
1914-10-01,15.915,0.345,Sacramento,United States,37.78N,122.03W
1914-11-01,12.64,0.324,Sacramento,United States,37.78N,122.03W
1914-12-01,7.119,0.5379999999999999,Sacramento,United States,37.78N,122.03W
1915-01-01,8.087,0.44799999999999995,Sacramento,United States,37.78N,122.03W
1915-02-01,10.012,0.514,Sacramento,United States,37.78N,122.03W
1915-03-01,13.225,0.6629999999999999,Sacramento,United States,37.78N,122.03W
1915-04-01,13.795,0.311,Sacramento,United States,37.78N,122.03W
1915-05-01,14.454,0.556,Sacramento,United States,37.78N,122.03W
1915-06-01,17.794,0.41700000000000004,Sacramento,United States,37.78N,122.03W
1915-07-01,19.538,0.523,Sacramento,United States,37.78N,122.03W
1915-08-01,20.183,0.5710000000000001,Sacramento,United States,37.78N,122.03W
1915-09-01,18.147,0.5770000000000001,Sacramento,United States,37.78N,122.03W
1915-10-01,16.052999999999994,0.55,Sacramento,United States,37.78N,122.03W
1915-11-01,11.503,0.457,Sacramento,United States,37.78N,122.03W
1915-12-01,8.816,0.691,Sacramento,United States,37.78N,122.03W
1916-01-01,6.350999999999999,0.47200000000000003,Sacramento,United States,37.78N,122.03W
1916-02-01,11.684,0.565,Sacramento,United States,37.78N,122.03W
1916-03-01,12.62,0.523,Sacramento,United States,37.78N,122.03W
1916-04-01,14.290999999999999,0.355,Sacramento,United States,37.78N,122.03W
1916-05-01,14.442,0.396,Sacramento,United States,37.78N,122.03W
1916-06-01,17.025,0.23,Sacramento,United States,37.78N,122.03W
1916-07-01,19.554000000000002,0.439,Sacramento,United States,37.78N,122.03W
1916-08-01,18.66,0.33,Sacramento,United States,37.78N,122.03W
1916-09-01,18.244,0.381,Sacramento,United States,37.78N,122.03W
1916-10-01,13.250999999999998,0.225,Sacramento,United States,37.78N,122.03W
1916-11-01,10.321,0.354,Sacramento,United States,37.78N,122.03W
1916-12-01,6.843,0.607,Sacramento,United States,37.78N,122.03W
1917-01-01,6.183,0.795,Sacramento,United States,37.78N,122.03W
1917-02-01,9.561,0.747,Sacramento,United States,37.78N,122.03W
1917-03-01,9.586,0.465,Sacramento,United States,37.78N,122.03W
1917-04-01,12.859000000000002,0.293,Sacramento,United States,37.78N,122.03W
1917-05-01,13.442,0.331,Sacramento,United States,37.78N,122.03W
1917-06-01,18.224,0.49,Sacramento,United States,37.78N,122.03W
1917-07-01,20.545,0.698,Sacramento,United States,37.78N,122.03W
1917-08-01,18.438,0.38299999999999995,Sacramento,United States,37.78N,122.03W
1917-09-01,19.437,0.42100000000000004,Sacramento,United States,37.78N,122.03W
1917-10-01,16.945999999999998,0.217,Sacramento,United States,37.78N,122.03W
1917-11-01,13.017000000000001,0.61,Sacramento,United States,37.78N,122.03W
1917-12-01,10.48,0.56,Sacramento,United States,37.78N,122.03W
1918-01-01,9.153,0.626,Sacramento,United States,37.78N,122.03W
1918-02-01,9.555,0.507,Sacramento,United States,37.78N,122.03W
1918-03-01,11.896,0.45299999999999996,Sacramento,United States,37.78N,122.03W
1918-04-01,13.609000000000002,0.309,Sacramento,United States,37.78N,122.03W
1918-05-01,14.17,0.48200000000000004,Sacramento,United States,37.78N,122.03W
1918-06-01,19.743,0.617,Sacramento,United States,37.78N,122.03W
1918-07-01,18.756,0.434,Sacramento,United States,37.78N,122.03W
1918-08-01,19.628,0.44299999999999995,Sacramento,United States,37.78N,122.03W
1918-09-01,18.127,0.41,Sacramento,United States,37.78N,122.03W
1918-10-01,16.921999999999993,0.695,Sacramento,United States,37.78N,122.03W
1918-11-01,10.958,0.434,Sacramento,United States,37.78N,122.03W
1918-12-01,7.162000000000001,0.5329999999999999,Sacramento,United States,37.78N,122.03W
1919-01-01,8.283,0.47100000000000003,Sacramento,United States,37.78N,122.03W
1919-02-01,9.16,0.535,Sacramento,United States,37.78N,122.03W
1919-03-01,10.447000000000001,0.75,Sacramento,United States,37.78N,122.03W
1919-04-01,13.501,0.799,Sacramento,United States,37.78N,122.03W
1919-05-01,15.854000000000001,0.45899999999999996,Sacramento,United States,37.78N,122.03W
1919-06-01,17.279999999999998,0.37,Sacramento,United States,37.78N,122.03W
1919-07-01,18.438,0.395,Sacramento,United States,37.78N,122.03W
1919-08-01,18.896,0.322,Sacramento,United States,37.78N,122.03W
1919-09-01,18.123,0.301,Sacramento,United States,37.78N,122.03W
1919-10-01,14.444,0.371,Sacramento,United States,37.78N,122.03W
1919-11-01,11.199000000000002,0.391,Sacramento,United States,37.78N,122.03W
1919-12-01,7.625,0.537,Sacramento,United States,37.78N,122.03W
1920-01-01,9.064,0.617,Sacramento,United States,37.78N,122.03W
1920-02-01,9.72,0.578,Sacramento,United States,37.78N,122.03W
1920-03-01,10.232000000000001,0.319,Sacramento,United States,37.78N,122.03W
1920-04-01,12.476,0.498,Sacramento,United States,37.78N,122.03W
1920-05-01,15.037,0.32,Sacramento,United States,37.78N,122.03W
1920-06-01,18.157,0.322,Sacramento,United States,37.78N,122.03W
1920-07-01,18.246,0.413,Sacramento,United States,37.78N,122.03W
1920-08-01,19.809,0.486,Sacramento,United States,37.78N,122.03W
1920-09-01,17.668,0.267,Sacramento,United States,37.78N,122.03W
1920-10-01,14.361,0.305,Sacramento,United States,37.78N,122.03W
1920-11-01,11.427,0.419,Sacramento,United States,37.78N,122.03W
1920-12-01,8.456,0.5660000000000001,Sacramento,United States,37.78N,122.03W
1921-01-01,7.8420000000000005,0.507,Sacramento,United States,37.78N,122.03W
1921-02-01,10.215,0.379,Sacramento,United States,37.78N,122.03W
1921-03-01,12.085999999999999,0.483,Sacramento,United States,37.78N,122.03W
1921-04-01,12.88,0.41700000000000004,Sacramento,United States,37.78N,122.03W
1921-05-01,13.901,0.488,Sacramento,United States,37.78N,122.03W
1921-06-01,18.913,0.48,Sacramento,United States,37.78N,122.03W
1921-07-01,19.614,0.69,Sacramento,United States,37.78N,122.03W
1921-08-01,18.775,0.527,Sacramento,United States,37.78N,122.03W
1921-09-01,18.518,0.47100000000000003,Sacramento,United States,37.78N,122.03W
1921-10-01,16.125,0.374,Sacramento,United States,37.78N,122.03W
1921-11-01,12.537,0.33299999999999996,Sacramento,United States,37.78N,122.03W
1921-12-01,9.433,0.665,Sacramento,United States,37.78N,122.03W
1922-01-01,5.691999999999998,0.65,Sacramento,United States,37.78N,122.03W
1922-02-01,8.385000000000002,0.38,Sacramento,United States,37.78N,122.03W
1922-03-01,10.051,0.595,Sacramento,United States,37.78N,122.03W
1922-04-01,11.633,0.5720000000000001,Sacramento,United States,37.78N,122.03W
1922-05-01,15.824000000000002,0.467,Sacramento,United States,37.78N,122.03W
1922-06-01,18.495,0.258,Sacramento,United States,37.78N,122.03W
1922-07-01,19.81,0.5579999999999999,Sacramento,United States,37.78N,122.03W
1922-08-01,19.144,0.452,Sacramento,United States,37.78N,122.03W
1922-09-01,20.131,0.304,Sacramento,United States,37.78N,122.03W
1922-10-01,15.150999999999998,0.20199999999999999,Sacramento,United States,37.78N,122.03W
1922-11-01,10.243,0.534,Sacramento,United States,37.78N,122.03W
1922-12-01,8.752,0.48100000000000004,Sacramento,United States,37.78N,122.03W
1923-01-01,7.015,0.687,Sacramento,United States,37.78N,122.03W
1923-02-01,9.288,0.752,Sacramento,United States,37.78N,122.03W
1923-03-01,12.642000000000001,0.426,Sacramento,United States,37.78N,122.03W
1923-04-01,12.905,0.569,Sacramento,United States,37.78N,122.03W
1923-05-01,15.178,0.39299999999999996,Sacramento,United States,37.78N,122.03W
1923-06-01,15.963,0.293,Sacramento,United States,37.78N,122.03W
1923-07-01,19.061,0.485,Sacramento,United States,37.78N,122.03W
1923-08-01,19.718,0.31,Sacramento,United States,37.78N,122.03W
1923-09-01,19.727999999999998,0.419,Sacramento,United States,37.78N,122.03W
1923-10-01,15.826999999999998,0.298,Sacramento,United States,37.78N,122.03W
1923-11-01,14.075999999999999,0.674,Sacramento,United States,37.78N,122.03W
1923-12-01,8.141,0.5539999999999999,Sacramento,United States,37.78N,122.03W
1924-01-01,7.89,0.374,Sacramento,United States,37.78N,122.03W
1924-02-01,12.196000000000002,0.402,Sacramento,United States,37.78N,122.03W
1924-03-01,11.144,0.47100000000000003,Sacramento,United States,37.78N,122.03W
1924-04-01,14.088,0.504,Sacramento,United States,37.78N,122.03W
1924-05-01,16.879,0.44799999999999995,Sacramento,United States,37.78N,122.03W
1924-06-01,18.099,0.397,Sacramento,United States,37.78N,122.03W
1924-07-01,18.364,0.36200000000000004,Sacramento,United States,37.78N,122.03W
1924-08-01,18.849,0.34700000000000003,Sacramento,United States,37.78N,122.03W
1924-09-01,18.579,0.214,Sacramento,United States,37.78N,122.03W
1924-10-01,14.550999999999998,0.302,Sacramento,United States,37.78N,122.03W
1924-11-01,11.7,0.396,Sacramento,United States,37.78N,122.03W
1924-12-01,6.859,0.41200000000000003,Sacramento,United States,37.78N,122.03W
1925-01-01,8.710999999999999,0.765,Sacramento,United States,37.78N,122.03W
1925-02-01,11.341,0.639,Sacramento,United States,37.78N,122.03W
1925-03-01,11.942,0.61,Sacramento,United States,37.78N,122.03W
1925-04-01,13.466,0.409,Sacramento,United States,37.78N,122.03W
1925-05-01,15.934000000000001,0.306,Sacramento,United States,37.78N,122.03W
1925-06-01,18.534000000000002,0.45399999999999996,Sacramento,United States,37.78N,122.03W
1925-07-01,19.895,0.396,Sacramento,United States,37.78N,122.03W
1925-08-01,18.774,0.365,Sacramento,United States,37.78N,122.03W
1925-09-01,17.381,0.314,Sacramento,United States,37.78N,122.03W
1925-10-01,15.400999999999998,0.289,Sacramento,United States,37.78N,122.03W
1925-11-01,11.667,0.495,Sacramento,United States,37.78N,122.03W
1925-12-01,9.092,0.537,Sacramento,United States,37.78N,122.03W
1926-01-01,6.906999999999999,0.455,Sacramento,United States,37.78N,122.03W
1926-02-01,11.446000000000002,0.27699999999999997,Sacramento,United States,37.78N,122.03W
1926-03-01,14.482999999999999,0.39799999999999996,Sacramento,United States,37.78N,122.03W
1926-04-01,16.147000000000002,0.335,Sacramento,United States,37.78N,122.03W
1926-05-01,16.97,0.27399999999999997,Sacramento,United States,37.78N,122.03W
1926-06-01,18.846,0.41600000000000004,Sacramento,United States,37.78N,122.03W
1926-07-01,20.377,0.41700000000000004,Sacramento,United States,37.78N,122.03W
1926-08-01,19.532,0.5,Sacramento,United States,37.78N,122.03W
1926-09-01,17.309,0.451,Sacramento,United States,37.78N,122.03W
1926-10-01,16.77,0.359,Sacramento,United States,37.78N,122.03W
1926-11-01,14.554,0.397,Sacramento,United States,37.78N,122.03W
1926-12-01,8.331,0.47600000000000003,Sacramento,United States,37.78N,122.03W
1927-01-01,9.02,0.28800000000000003,Sacramento,United States,37.78N,122.03W
1927-02-01,10.789,0.46299999999999997,Sacramento,United States,37.78N,122.03W
1927-03-01,11.25,0.384,Sacramento,United States,37.78N,122.03W
1927-04-01,12.894,0.29600000000000004,Sacramento,United States,37.78N,122.03W
1927-05-01,15.482000000000001,0.473,Sacramento,United States,37.78N,122.03W
1927-06-01,18.096,0.29100000000000004,Sacramento,United States,37.78N,122.03W
1927-07-01,19.18,0.303,Sacramento,United States,37.78N,122.03W
1927-08-01,18.668,0.374,Sacramento,United States,37.78N,122.03W
1927-09-01,17.796,0.345,Sacramento,United States,37.78N,122.03W
1927-10-01,16.375999999999998,0.218,Sacramento,United States,37.78N,122.03W
1927-11-01,12.851,0.39,Sacramento,United States,37.78N,122.03W
1927-12-01,8.427999999999999,0.368,Sacramento,United States,37.78N,122.03W
1928-01-01,8.424999999999999,0.233,Sacramento,United States,37.78N,122.03W
1928-02-01,10.623,0.28,Sacramento,United States,37.78N,122.03W
1928-03-01,13.467,0.29600000000000004,Sacramento,United States,37.78N,122.03W
1928-04-01,13.534,0.311,Sacramento,United States,37.78N,122.03W
1928-05-01,16.645,0.413,Sacramento,United States,37.78N,122.03W
1928-06-01,18.661,0.447,Sacramento,United States,37.78N,122.03W
1928-07-01,18.919,0.519,Sacramento,United States,37.78N,122.03W
1928-08-01,18.727999999999998,0.574,Sacramento,United States,37.78N,122.03W
1928-09-01,18.524,0.308,Sacramento,United States,37.78N,122.03W
1928-10-01,15.265,0.342,Sacramento,United States,37.78N,122.03W
1928-11-01,11.639000000000001,0.396,Sacramento,United States,37.78N,122.03W
1928-12-01,7.435,0.449,Sacramento,United States,37.78N,122.03W
1929-01-01,6.539999999999999,0.295,Sacramento,United States,37.78N,122.03W
1929-02-01,8.920000000000002,0.369,Sacramento,United States,37.78N,122.03W
1929-03-01,11.434000000000001,0.28300000000000003,Sacramento,United States,37.78N,122.03W
1929-04-01,11.514000000000001,0.24600000000000002,Sacramento,United States,37.78N,122.03W
1929-05-01,15.42,0.49200000000000005,Sacramento,United States,37.78N,122.03W
1929-06-01,18.858,0.364,Sacramento,United States,37.78N,122.03W
1929-07-01,19.809,0.532,Sacramento,United States,37.78N,122.03W
1929-08-01,19.936,0.45799999999999996,Sacramento,United States,37.78N,122.03W
1929-09-01,18.173,0.40399999999999997,Sacramento,United States,37.78N,122.03W
1929-10-01,16.871,0.428,Sacramento,United States,37.78N,122.03W
1929-11-01,12.713,0.495,Sacramento,United States,37.78N,122.03W
1929-12-01,10.758,0.355,Sacramento,United States,37.78N,122.03W
1930-01-01,7.754,0.218,Sacramento,United States,37.78N,122.03W
1930-02-01,11.843,0.267,Sacramento,United States,37.78N,122.03W
1930-03-01,12.762,0.237,Sacramento,United States,37.78N,122.03W
1930-04-01,14.344000000000001,0.402,Sacramento,United States,37.78N,122.03W
1930-05-01,14.101,0.469,Sacramento,United States,37.78N,122.03W
1930-06-01,18.119,0.297,Sacramento,United States,37.78N,122.03W
1930-07-01,18.653,0.451,Sacramento,United States,37.78N,122.03W
1930-08-01,19.326,0.39,Sacramento,United States,37.78N,122.03W
1930-09-01,17.465,0.504,Sacramento,United States,37.78N,122.03W
1930-10-01,16.110999999999994,0.22899999999999998,Sacramento,United States,37.78N,122.03W
1930-11-01,12.34,0.322,Sacramento,United States,37.78N,122.03W
1930-12-01,8.197000000000001,0.47,Sacramento,United States,37.78N,122.03W
1931-01-01,8.998999999999997,0.505,Sacramento,United States,37.78N,122.03W
1931-02-01,11.89,0.289,Sacramento,United States,37.78N,122.03W
1931-03-01,13.403,0.384,Sacramento,United States,37.78N,122.03W
1931-04-01,15.118,0.319,Sacramento,United States,37.78N,122.03W
1931-05-01,18.385,0.262,Sacramento,United States,37.78N,122.03W
1931-06-01,18.488,0.377,Sacramento,United States,37.78N,122.03W
1931-07-01,21.361,0.456,Sacramento,United States,37.78N,122.03W
1931-08-01,19.944000000000003,0.389,Sacramento,United States,37.78N,122.03W
1931-09-01,18.084,0.366,Sacramento,United States,37.78N,122.03W
1931-10-01,15.156999999999998,0.522,Sacramento,United States,37.78N,122.03W
1931-11-01,10.603,0.41600000000000004,Sacramento,United States,37.78N,122.03W
1931-12-01,7.747000000000001,0.292,Sacramento,United States,37.78N,122.03W
1932-01-01,7.471999999999999,0.389,Sacramento,United States,37.78N,122.03W
1932-02-01,9.051,0.16899999999999998,Sacramento,United States,37.78N,122.03W
1932-03-01,13.050999999999998,0.249,Sacramento,United States,37.78N,122.03W
1932-04-01,12.847999999999999,0.214,Sacramento,United States,37.78N,122.03W
1932-05-01,15.877,0.281,Sacramento,United States,37.78N,122.03W
1932-06-01,18.2,0.295,Sacramento,United States,37.78N,122.03W
1932-07-01,19.164,0.231,Sacramento,United States,37.78N,122.03W
1932-08-01,19.218,0.336,Sacramento,United States,37.78N,122.03W
1932-09-01,19.493,0.41100000000000003,Sacramento,United States,37.78N,122.03W
1932-10-01,16.099999999999998,0.341,Sacramento,United States,37.78N,122.03W
1932-11-01,14.157,0.462,Sacramento,United States,37.78N,122.03W
1932-12-01,6.25,0.332,Sacramento,United States,37.78N,122.03W
1933-01-01,6.374,0.414,Sacramento,United States,37.78N,122.03W
1933-02-01,8.582,0.32299999999999995,Sacramento,United States,37.78N,122.03W
1933-03-01,12.066,0.28,Sacramento,United States,37.78N,122.03W
1933-04-01,13.152000000000001,0.298,Sacramento,United States,37.78N,122.03W
1933-05-01,13.663,0.308,Sacramento,United States,37.78N,122.03W
1933-06-01,16.759,0.361,Sacramento,United States,37.78N,122.03W
1933-07-01,19.955,0.664,Sacramento,United States,37.78N,122.03W
1933-08-01,19.582,0.5329999999999999,Sacramento,United States,37.78N,122.03W
1933-09-01,17.631,0.26899999999999996,Sacramento,United States,37.78N,122.03W
1933-10-01,17.595999999999997,0.541,Sacramento,United States,37.78N,122.03W
1933-11-01,13.219000000000001,0.302,Sacramento,United States,37.78N,122.03W
1933-12-01,8.639,0.358,Sacramento,United States,37.78N,122.03W
1934-01-01,9.19,0.522,Sacramento,United States,37.78N,122.03W
1934-02-01,11.649,0.316,Sacramento,United States,37.78N,122.03W
1934-03-01,15.181,0.15,Sacramento,United States,37.78N,122.03W
1934-04-01,15.45,0.21899999999999997,Sacramento,United States,37.78N,122.03W
1934-05-01,17.265,0.188,Sacramento,United States,37.78N,122.03W
1934-06-01,18.105,0.23399999999999999,Sacramento,United States,37.78N,122.03W
1934-07-01,19.432000000000002,0.311,Sacramento,United States,37.78N,122.03W
1934-08-01,19.553,0.306,Sacramento,United States,37.78N,122.03W
1934-09-01,19.165,0.318,Sacramento,United States,37.78N,122.03W
1934-10-01,16.101,0.26899999999999996,Sacramento,United States,37.78N,122.03W
1934-11-01,13.140999999999998,0.247,Sacramento,United States,37.78N,122.03W
1934-12-01,9.544,0.43,Sacramento,United States,37.78N,122.03W
1935-01-01,8.418999999999999,0.49200000000000005,Sacramento,United States,37.78N,122.03W
1935-02-01,10.302999999999999,0.315,Sacramento,United States,37.78N,122.03W
1935-03-01,10.026,0.31,Sacramento,United States,37.78N,122.03W
1935-04-01,13.946,0.40299999999999997,Sacramento,United States,37.78N,122.03W
1935-05-01,15.712,0.259,Sacramento,United States,37.78N,122.03W
1935-06-01,19.028,0.198,Sacramento,United States,37.78N,122.03W
1935-07-01,19.183,0.489,Sacramento,United States,37.78N,122.03W
1935-08-01,19.438,0.563,Sacramento,United States,37.78N,122.03W
1935-09-01,18.185,0.369,Sacramento,United States,37.78N,122.03W
1935-10-01,15.250999999999998,0.207,Sacramento,United States,37.78N,122.03W
1935-11-01,10.734000000000002,0.214,Sacramento,United States,37.78N,122.03W
1935-12-01,9.221,0.252,Sacramento,United States,37.78N,122.03W
1936-01-01,10.068,0.457,Sacramento,United States,37.78N,122.03W
1936-02-01,10.23,0.344,Sacramento,United States,37.78N,122.03W
1936-03-01,13.012,0.34600000000000003,Sacramento,United States,37.78N,122.03W
1936-04-01,14.453,0.24100000000000002,Sacramento,United States,37.78N,122.03W
1936-05-01,17.427,0.261,Sacramento,United States,37.78N,122.03W
1936-06-01,18.884,0.195,Sacramento,United States,37.78N,122.03W
1936-07-01,20.259,0.441,Sacramento,United States,37.78N,122.03W
1936-08-01,20.029,0.511,Sacramento,United States,37.78N,122.03W
1936-09-01,19.709,0.326,Sacramento,United States,37.78N,122.03W
1936-10-01,16.965,0.285,Sacramento,United States,37.78N,122.03W
1936-11-01,12.314,0.316,Sacramento,United States,37.78N,122.03W
1936-12-01,8.177999999999999,0.37,Sacramento,United States,37.78N,122.03W
1937-01-01,4.4449999999999985,0.285,Sacramento,United States,37.78N,122.03W
1937-02-01,8.711,0.28800000000000003,Sacramento,United States,37.78N,122.03W
1937-03-01,12.155,0.20800000000000002,Sacramento,United States,37.78N,122.03W
1937-04-01,12.819,0.146,Sacramento,United States,37.78N,122.03W
1937-05-01,16.21,0.24100000000000002,Sacramento,United States,37.78N,122.03W
1937-06-01,18.84,0.172,Sacramento,United States,37.78N,122.03W
1937-07-01,20.222,0.5329999999999999,Sacramento,United States,37.78N,122.03W
1937-08-01,19.935,0.524,Sacramento,United States,37.78N,122.03W
1937-09-01,18.904,0.226,Sacramento,United States,37.78N,122.03W
1937-10-01,17.040999999999997,0.251,Sacramento,United States,37.78N,122.03W
1937-11-01,13.09,0.271,Sacramento,United States,37.78N,122.03W
1937-12-01,9.978,0.484,Sacramento,United States,37.78N,122.03W
1938-01-01,8.597999999999999,0.45,Sacramento,United States,37.78N,122.03W
1938-02-01,10.142999999999999,0.444,Sacramento,United States,37.78N,122.03W
1938-03-01,10.829,0.32899999999999996,Sacramento,United States,37.78N,122.03W
1938-04-01,13.062000000000001,0.32,Sacramento,United States,37.78N,122.03W
1938-05-01,15.991,0.165,Sacramento,United States,37.78N,122.03W
1938-06-01,18.138,0.335,Sacramento,United States,37.78N,122.03W
1938-07-01,19.792,0.447,Sacramento,United States,37.78N,122.03W
1938-08-01,19.521,0.376,Sacramento,United States,37.78N,122.03W
1938-09-01,19.192999999999998,0.396,Sacramento,United States,37.78N,122.03W
1938-10-01,15.763999999999998,0.33399999999999996,Sacramento,United States,37.78N,122.03W
1938-11-01,11.378,0.19699999999999998,Sacramento,United States,37.78N,122.03W
1938-12-01,9.81,0.38299999999999995,Sacramento,United States,37.78N,122.03W
1939-01-01,8.479,0.475,Sacramento,United States,37.78N,122.03W
1939-02-01,8.74,0.39799999999999996,Sacramento,United States,37.78N,122.03W
1939-03-01,11.273,0.272,Sacramento,United States,37.78N,122.03W
1939-04-01,14.773,0.273,Sacramento,United States,37.78N,122.03W
1939-05-01,16.319000000000003,0.198,Sacramento,United States,37.78N,122.03W
1939-06-01,18.24,0.552,Sacramento,United States,37.78N,122.03W
1939-07-01,19.787,0.633,Sacramento,United States,37.78N,122.03W
1939-08-01,19.677,0.5,Sacramento,United States,37.78N,122.03W
1939-09-01,20.771,0.301,Sacramento,United States,37.78N,122.03W
1939-10-01,16.520999999999994,0.245,Sacramento,United States,37.78N,122.03W
1939-11-01,12.798,0.21100000000000002,Sacramento,United States,37.78N,122.03W
1939-12-01,10.392000000000001,0.414,Sacramento,United States,37.78N,122.03W
1940-01-01,9.666,0.652,Sacramento,United States,37.78N,122.03W
1940-02-01,11.495,0.391,Sacramento,United States,37.78N,122.03W
1940-03-01,13.254000000000001,0.27699999999999997,Sacramento,United States,37.78N,122.03W
1940-04-01,14.505999999999998,0.19,Sacramento,United States,37.78N,122.03W
1940-05-01,16.500999999999998,0.18899999999999997,Sacramento,United States,37.78N,122.03W
1940-06-01,19.01,0.465,Sacramento,United States,37.78N,122.03W
1940-07-01,19.669,0.4,Sacramento,United States,37.78N,122.03W
1940-08-01,19.495,0.385,Sacramento,United States,37.78N,122.03W
1940-09-01,19.086,0.41600000000000004,Sacramento,United States,37.78N,122.03W
1940-10-01,16.418999999999997,0.223,Sacramento,United States,37.78N,122.03W
1940-11-01,11.702,0.429,Sacramento,United States,37.78N,122.03W
1940-12-01,10.663,0.47100000000000003,Sacramento,United States,37.78N,122.03W
1941-01-01,10.004,0.45899999999999996,Sacramento,United States,37.78N,122.03W
1941-02-01,11.474,0.4,Sacramento,United States,37.78N,122.03W
1941-03-01,13.473,0.348,Sacramento,United States,37.78N,122.03W
1941-04-01,13.08,0.35200000000000004,Sacramento,United States,37.78N,122.03W
1941-05-01,17.117,0.42700000000000005,Sacramento,United States,37.78N,122.03W
1941-06-01,17.965999999999994,0.307,Sacramento,United States,37.78N,122.03W
1941-07-01,20.37,0.467,Sacramento,United States,37.78N,122.03W
1941-08-01,19.391,0.47200000000000003,Sacramento,United States,37.78N,122.03W
1941-09-01,18.717,0.361,Sacramento,United States,37.78N,122.03W
1941-10-01,15.316999999999998,0.336,Sacramento,United States,37.78N,122.03W
1941-11-01,12.819,0.457,Sacramento,United States,37.78N,122.03W
1941-12-01,9.972999999999999,0.609,Sacramento,United States,37.78N,122.03W
1942-01-01,8.642999999999999,0.461,Sacramento,United States,37.78N,122.03W
1942-02-01,9.827,0.336,Sacramento,United States,37.78N,122.03W
1942-03-01,11.502,0.303,Sacramento,United States,37.78N,122.03W
1942-04-01,12.918,0.256,Sacramento,United States,37.78N,122.03W
1942-05-01,14.775,0.34,Sacramento,United States,37.78N,122.03W
1942-06-01,17.958,0.48700000000000004,Sacramento,United States,37.78N,122.03W
1942-07-01,20.04,0.645,Sacramento,United States,37.78N,122.03W
1942-08-01,19.303,0.527,Sacramento,United States,37.78N,122.03W
1942-09-01,18.192999999999998,0.34700000000000003,Sacramento,United States,37.78N,122.03W
1942-10-01,16.322999999999997,0.317,Sacramento,United States,37.78N,122.03W
1942-11-01,11.863,0.374,Sacramento,United States,37.78N,122.03W
1942-12-01,9.056,0.373,Sacramento,United States,37.78N,122.03W
1943-01-01,8.725,0.29,Sacramento,United States,37.78N,122.03W
1943-02-01,10.988,0.34,Sacramento,United States,37.78N,122.03W
1943-03-01,12.582,0.268,Sacramento,United States,37.78N,122.03W
1943-04-01,13.879000000000001,0.204,Sacramento,United States,37.78N,122.03W
1943-05-01,16.872,0.325,Sacramento,United States,37.78N,122.03W
1943-06-01,16.904999999999998,0.304,Sacramento,United States,37.78N,122.03W
1943-07-01,19.301,0.503,Sacramento,United States,37.78N,122.03W
1943-08-01,18.976,0.401,Sacramento,United States,37.78N,122.03W
1943-09-01,19.820999999999998,0.45899999999999996,Sacramento,United States,37.78N,122.03W
1943-10-01,15.89,0.23,Sacramento,United States,37.78N,122.03W
1943-11-01,12.982999999999999,0.19399999999999998,Sacramento,United States,37.78N,122.03W
1943-12-01,9.738,0.439,Sacramento,United States,37.78N,122.03W
1944-01-01,8.897,0.35200000000000004,Sacramento,United States,37.78N,122.03W
1944-02-01,9.341,0.414,Sacramento,United States,37.78N,122.03W
1944-03-01,12.415999999999999,0.38,Sacramento,United States,37.78N,122.03W
1944-04-01,12.138,0.159,Sacramento,United States,37.78N,122.03W
1944-05-01,15.809000000000001,0.23600000000000002,Sacramento,United States,37.78N,122.03W
1944-06-01,16.947,0.247,Sacramento,United States,37.78N,122.03W
1944-07-01,18.401,0.48,Sacramento,United States,37.78N,122.03W
1944-08-01,19.191,0.611,Sacramento,United States,37.78N,122.03W
1944-09-01,19.474,0.525,Sacramento,United States,37.78N,122.03W
1944-10-01,16.660999999999998,0.261,Sacramento,United States,37.78N,122.03W
1944-11-01,11.195,0.45799999999999996,Sacramento,United States,37.78N,122.03W
1944-12-01,9.587,0.42100000000000004,Sacramento,United States,37.78N,122.03W
1945-01-01,7.699999999999998,0.544,Sacramento,United States,37.78N,122.03W
1945-02-01,10.667000000000002,0.392,Sacramento,United States,37.78N,122.03W
1945-03-01,10.118,0.259,Sacramento,United States,37.78N,122.03W
1945-04-01,14.040999999999999,0.488,Sacramento,United States,37.78N,122.03W
1945-05-01,14.732999999999999,0.185,Sacramento,United States,37.78N,122.03W
1945-06-01,19.286,0.442,Sacramento,United States,37.78N,122.03W
1945-07-01,20.169,0.526,Sacramento,United States,37.78N,122.03W
1945-08-01,18.997,0.449,Sacramento,United States,37.78N,122.03W
1945-09-01,19.526,0.441,Sacramento,United States,37.78N,122.03W
1945-10-01,16.656,0.307,Sacramento,United States,37.78N,122.03W
1945-11-01,11.763,0.314,Sacramento,United States,37.78N,122.03W
1945-12-01,9.22,0.325,Sacramento,United States,37.78N,122.03W
1946-01-01,7.978999999999999,0.38,Sacramento,United States,37.78N,122.03W
1946-02-01,8.397,0.27899999999999997,Sacramento,United States,37.78N,122.03W
1946-03-01,11.276,0.27699999999999997,Sacramento,United States,37.78N,122.03W
1946-04-01,13.489,0.225,Sacramento,United States,37.78N,122.03W
1946-05-01,15.292,0.213,Sacramento,United States,37.78N,122.03W
1946-06-01,17.529,0.223,Sacramento,United States,37.78N,122.03W
1946-07-01,19.846,0.31,Sacramento,United States,37.78N,122.03W
1946-08-01,18.899,0.512,Sacramento,United States,37.78N,122.03W
1946-09-01,19.178,0.23199999999999998,Sacramento,United States,37.78N,122.03W
1946-10-01,15.015999999999998,0.182,Sacramento,United States,37.78N,122.03W
1946-11-01,10.602,0.22699999999999998,Sacramento,United States,37.78N,122.03W
1946-12-01,8.455,0.349,Sacramento,United States,37.78N,122.03W
1947-01-01,6.145999999999999,0.20800000000000002,Sacramento,United States,37.78N,122.03W
1947-02-01,10.603000000000002,0.292,Sacramento,United States,37.78N,122.03W
1947-03-01,12.872,0.163,Sacramento,United States,37.78N,122.03W
1947-04-01,15.12,0.203,Sacramento,United States,37.78N,122.03W
1947-05-01,17.247,0.28300000000000003,Sacramento,United States,37.78N,122.03W
1947-06-01,19.345,0.182,Sacramento,United States,37.78N,122.03W
1947-07-01,19.134,0.415,Sacramento,United States,37.78N,122.03W
1947-08-01,19.518,0.327,Sacramento,United States,37.78N,122.03W
1947-09-01,19.596,0.40299999999999997,Sacramento,United States,37.78N,122.03W
1947-10-01,16.096999999999998,0.196,Sacramento,United States,37.78N,122.03W
1947-11-01,10.408,0.307,Sacramento,United States,37.78N,122.03W
1947-12-01,8.038,0.36700000000000005,Sacramento,United States,37.78N,122.03W
1948-01-01,9.711,0.293,Sacramento,United States,37.78N,122.03W
1948-02-01,8.821000000000002,0.205,Sacramento,United States,37.78N,122.03W
1948-03-01,10.054,0.126,Sacramento,United States,37.78N,122.03W
1948-04-01,12.001,0.32799999999999996,Sacramento,United States,37.78N,122.03W
1948-05-01,14.446,0.142,Sacramento,United States,37.78N,122.03W
1948-06-01,17.945,0.163,Sacramento,United States,37.78N,122.03W
1948-07-01,19.248,0.38799999999999996,Sacramento,United States,37.78N,122.03W
1948-08-01,19.235,0.242,Sacramento,United States,37.78N,122.03W
1948-09-01,18.31,0.358,Sacramento,United States,37.78N,122.03W
1948-10-01,15.97,0.205,Sacramento,United States,37.78N,122.03W
1948-11-01,11.609000000000002,0.226,Sacramento,United States,37.78N,122.03W
1948-12-01,6.48,0.381,Sacramento,United States,37.78N,122.03W
1949-01-01,4.3969999999999985,0.381,Sacramento,United States,37.78N,122.03W
1949-02-01,7.838000000000001,0.375,Sacramento,United States,37.78N,122.03W
1949-03-01,11.406,0.29,Sacramento,United States,37.78N,122.03W
1949-04-01,14.616,0.262,Sacramento,United States,37.78N,122.03W
1949-05-01,15.905,0.17300000000000001,Sacramento,United States,37.78N,122.03W
1949-06-01,18.929000000000002,0.222,Sacramento,United States,37.78N,122.03W
1949-07-01,18.919,0.34700000000000003,Sacramento,United States,37.78N,122.03W
1949-08-01,18.695,0.563,Sacramento,United States,37.78N,122.03W
1949-09-01,19.415,0.337,Sacramento,United States,37.78N,122.03W
1949-10-01,15.157999999999998,0.235,Sacramento,United States,37.78N,122.03W
1949-11-01,13.953,0.332,Sacramento,United States,37.78N,122.03W
1949-12-01,7.542000000000001,0.263,Sacramento,United States,37.78N,122.03W
1950-01-01,6.356,0.384,Sacramento,United States,37.78N,122.03W
1950-02-01,9.886,0.23399999999999999,Sacramento,United States,37.78N,122.03W
1950-03-01,11.273,0.306,Sacramento,United States,37.78N,122.03W
1950-04-01,14.419,0.33,Sacramento,United States,37.78N,122.03W
1950-05-01,15.491,0.282,Sacramento,United States,37.78N,122.03W
1950-06-01,17.192,0.36200000000000004,Sacramento,United States,37.78N,122.03W
1950-07-01,19.749000000000002,0.3,Sacramento,United States,37.78N,122.03W
1950-08-01,20.217,0.371,Sacramento,United States,37.78N,122.03W
1950-09-01,19.415,0.265,Sacramento,United States,37.78N,122.03W
1950-10-01,16.610999999999994,0.166,Sacramento,United States,37.78N,122.03W
1950-11-01,14.697000000000001,0.157,Sacramento,United States,37.78N,122.03W
1950-12-01,10.652999999999999,0.34,Sacramento,United States,37.78N,122.03W
1951-01-01,8.309999999999999,0.297,Sacramento,United States,37.78N,122.03W
1951-02-01,9.877,0.29,Sacramento,United States,37.78N,122.03W
1951-03-01,11.630999999999998,0.252,Sacramento,United States,37.78N,122.03W
1951-04-01,12.706,0.308,Sacramento,United States,37.78N,122.03W
1951-05-01,16.137999999999998,0.23199999999999998,Sacramento,United States,37.78N,122.03W
1951-06-01,17.215999999999998,0.522,Sacramento,United States,37.78N,122.03W
1951-07-01,18.573,0.39799999999999996,Sacramento,United States,37.78N,122.03W
1951-08-01,18.891,0.318,Sacramento,United States,37.78N,122.03W
1951-09-01,18.754,0.354,Sacramento,United States,37.78N,122.03W
1951-10-01,16.169999999999998,0.168,Sacramento,United States,37.78N,122.03W
1951-11-01,12.357999999999999,0.231,Sacramento,United States,37.78N,122.03W
1951-12-01,8.085,0.462,Sacramento,United States,37.78N,122.03W
1952-01-01,7.142,0.314,Sacramento,United States,37.78N,122.03W
1952-02-01,9.922,0.23399999999999999,Sacramento,United States,37.78N,122.03W
1952-03-01,10.351,0.132,Sacramento,United States,37.78N,122.03W
1952-04-01,13.738,0.19899999999999998,Sacramento,United States,37.78N,122.03W
1952-05-01,16.508,0.111,Sacramento,United States,37.78N,122.03W
1952-06-01,16.256999999999998,0.406,Sacramento,United States,37.78N,122.03W
1952-07-01,19.942,0.42100000000000004,Sacramento,United States,37.78N,122.03W
1952-08-01,19.175,0.40700000000000003,Sacramento,United States,37.78N,122.03W
1952-09-01,19.789,0.273,Sacramento,United States,37.78N,122.03W
1952-10-01,16.509999999999998,0.40399999999999997,Sacramento,United States,37.78N,122.03W
1952-11-01,11.037,0.20800000000000002,Sacramento,United States,37.78N,122.03W
1952-12-01,9.006,0.376,Sacramento,United States,37.78N,122.03W
1953-01-01,10.622,0.326,Sacramento,United States,37.78N,122.03W
1953-02-01,10.353000000000002,0.293,Sacramento,United States,37.78N,122.03W
1953-03-01,11.206,0.161,Sacramento,United States,37.78N,122.03W
1953-04-01,12.607999999999999,0.228,Sacramento,United States,37.78N,122.03W
1953-05-01,14.367,0.22399999999999998,Sacramento,United States,37.78N,122.03W
1953-06-01,16.980999999999998,0.285,Sacramento,United States,37.78N,122.03W
1953-07-01,19.95,0.371,Sacramento,United States,37.78N,122.03W
1953-08-01,18.805,0.41100000000000003,Sacramento,United States,37.78N,122.03W
1953-09-01,19.864,0.2,Sacramento,United States,37.78N,122.03W
1953-10-01,15.864999999999998,0.129,Sacramento,United States,37.78N,122.03W
1953-11-01,12.568,0.278,Sacramento,United States,37.78N,122.03W
1953-12-01,9.85,0.332,Sacramento,United States,37.78N,122.03W
1954-01-01,8.623,0.266,Sacramento,United States,37.78N,122.03W
1954-02-01,10.389,0.16399999999999998,Sacramento,United States,37.78N,122.03W
1954-03-01,10.348,0.263,Sacramento,United States,37.78N,122.03W
1954-04-01,14.812999999999999,0.311,Sacramento,United States,37.78N,122.03W
1954-05-01,16.042,0.175,Sacramento,United States,37.78N,122.03W
1954-06-01,17.817,0.24600000000000002,Sacramento,United States,37.78N,122.03W
1954-07-01,20.238,0.32299999999999995,Sacramento,United States,37.78N,122.03W
1954-08-01,18.017,0.377,Sacramento,United States,37.78N,122.03W
1954-09-01,18.433,0.253,Sacramento,United States,37.78N,122.03W
1954-10-01,15.845999999999998,0.175,Sacramento,United States,37.78N,122.03W
1954-11-01,11.914000000000001,0.307,Sacramento,United States,37.78N,122.03W
1954-12-01,7.678999999999999,0.292,Sacramento,United States,37.78N,122.03W
1955-01-01,6.452000000000001,0.34600000000000003,Sacramento,United States,37.78N,122.03W
1955-02-01,9.095,0.273,Sacramento,United States,37.78N,122.03W
1955-03-01,11.575,0.289,Sacramento,United States,37.78N,122.03W
1955-04-01,11.154000000000002,0.139,Sacramento,United States,37.78N,122.03W
1955-05-01,15.911,0.254,Sacramento,United States,37.78N,122.03W
1955-06-01,17.313,0.204,Sacramento,United States,37.78N,122.03W
1955-07-01,18.366,0.385,Sacramento,United States,37.78N,122.03W
1955-08-01,18.872,0.418,Sacramento,United States,37.78N,122.03W
1955-09-01,18.615,0.365,Sacramento,United States,37.78N,122.03W
1955-10-01,15.944,0.125,Sacramento,United States,37.78N,122.03W
1955-11-01,11.544,0.31,Sacramento,United States,37.78N,122.03W
1955-12-01,10.08,0.311,Sacramento,United States,37.78N,122.03W
1956-01-01,9.195,0.32799999999999996,Sacramento,United States,37.78N,122.03W
1956-02-01,8.359000000000002,0.317,Sacramento,United States,37.78N,122.03W
1956-03-01,11.271,0.278,Sacramento,United States,37.78N,122.03W
1956-04-01,12.919,0.24600000000000002,Sacramento,United States,37.78N,122.03W
1956-05-01,15.849,0.374,Sacramento,United States,37.78N,122.03W
1956-06-01,18.591,0.179,Sacramento,United States,37.78N,122.03W
1956-07-01,18.964000000000002,0.415,Sacramento,United States,37.78N,122.03W
1956-08-01,18.808,0.307,Sacramento,United States,37.78N,122.03W
1956-09-01,19.178,0.213,Sacramento,United States,37.78N,122.03W
1956-10-01,15.003999999999998,0.22,Sacramento,United States,37.78N,122.03W
1956-11-01,12.42,0.34,Sacramento,United States,37.78N,122.03W
1956-12-01,8.383000000000001,0.392,Sacramento,United States,37.78N,122.03W
1957-01-01,6.7799999999999985,0.316,Sacramento,United States,37.78N,122.03W
1957-02-01,11.084,0.22399999999999998,Sacramento,United States,37.78N,122.03W
1957-03-01,12.205,0.21899999999999997,Sacramento,United States,37.78N,122.03W
1957-04-01,14.362,0.341,Sacramento,United States,37.78N,122.03W
1957-05-01,15.745,0.221,Sacramento,United States,37.78N,122.03W
1957-06-01,20.075,0.40299999999999997,Sacramento,United States,37.78N,122.03W
1957-07-01,20.204,0.47700000000000004,Sacramento,United States,37.78N,122.03W
1957-08-01,19.154,0.794,Sacramento,United States,37.78N,122.03W
1957-09-01,19.590999999999998,0.595,Sacramento,United States,37.78N,122.03W
1957-10-01,15.842999999999998,0.42200000000000004,Sacramento,United States,37.78N,122.03W
1957-11-01,11.468,0.324,Sacramento,United States,37.78N,122.03W
1957-12-01,8.579,0.358,Sacramento,United States,37.78N,122.03W
1958-01-01,8.895,0.376,Sacramento,United States,37.78N,122.03W
1958-02-01,12.262,0.27699999999999997,Sacramento,United States,37.78N,122.03W
1958-03-01,10.307,0.243,Sacramento,United States,37.78N,122.03W
1958-04-01,13.844000000000001,0.324,Sacramento,United States,37.78N,122.03W
1958-05-01,16.941,0.299,Sacramento,United States,37.78N,122.03W
1958-06-01,19.011,0.485,Sacramento,United States,37.78N,122.03W
1958-07-01,19.579,0.613,Sacramento,United States,37.78N,122.03W
1958-08-01,21.174,0.529,Sacramento,United States,37.78N,122.03W
1958-09-01,21.089000000000002,0.26899999999999996,Sacramento,United States,37.78N,122.03W
1958-10-01,17.636,0.222,Sacramento,United States,37.78N,122.03W
1958-11-01,12.914000000000001,0.24,Sacramento,United States,37.78N,122.03W
1958-12-01,11.220999999999998,0.353,Sacramento,United States,37.78N,122.03W
1959-01-01,10.128,0.38299999999999995,Sacramento,United States,37.78N,122.03W
1959-02-01,10.014,0.255,Sacramento,United States,37.78N,122.03W
1959-03-01,13.725,0.39,Sacramento,United States,37.78N,122.03W
1959-04-01,15.578,0.349,Sacramento,United States,37.78N,122.03W
1959-05-01,15.912,0.192,Sacramento,United States,37.78N,122.03W
1959-06-01,19.295,0.27399999999999997,Sacramento,United States,37.78N,122.03W
1959-07-01,20.814,0.46799999999999997,Sacramento,United States,37.78N,122.03W
1959-08-01,20.172,0.324,Sacramento,United States,37.78N,122.03W
1959-09-01,18.881,0.26899999999999996,Sacramento,United States,37.78N,122.03W
1959-10-01,18.037,0.252,Sacramento,United States,37.78N,122.03W
1959-11-01,12.777999999999999,0.245,Sacramento,United States,37.78N,122.03W
1959-12-01,9.292,0.387,Sacramento,United States,37.78N,122.03W
1960-01-01,8.238,0.41700000000000004,Sacramento,United States,37.78N,122.03W
1960-02-01,10.495999999999999,0.33399999999999996,Sacramento,United States,37.78N,122.03W
1960-03-01,12.962,0.13,Sacramento,United States,37.78N,122.03W
1960-04-01,13.732999999999999,0.29600000000000004,Sacramento,United States,37.78N,122.03W
1960-05-01,15.647,0.256,Sacramento,United States,37.78N,122.03W
1960-06-01,20.276,0.33299999999999996,Sacramento,United States,37.78N,122.03W
1960-07-01,20.354,0.325,Sacramento,United States,37.78N,122.03W
1960-08-01,19.293,0.284,Sacramento,United States,37.78N,122.03W
1960-09-01,18.719,0.28800000000000003,Sacramento,United States,37.78N,122.03W
1960-10-01,15.731999999999998,0.321,Sacramento,United States,37.78N,122.03W
1960-11-01,11.362,0.381,Sacramento,United States,37.78N,122.03W
1960-12-01,8.263,0.249,Sacramento,United States,37.78N,122.03W
1961-01-01,7.454999999999999,0.465,Sacramento,United States,37.78N,122.03W
1961-02-01,11.460999999999999,0.33799999999999997,Sacramento,United States,37.78N,122.03W
1961-03-01,11.496,0.21100000000000002,Sacramento,United States,37.78N,122.03W
1961-04-01,14.105,0.289,Sacramento,United States,37.78N,122.03W
1961-05-01,14.557,0.409,Sacramento,United States,37.78N,122.03W
1961-06-01,19.932000000000002,0.35600000000000004,Sacramento,United States,37.78N,122.03W
1961-07-01,21.269000000000002,0.389,Sacramento,United States,37.78N,122.03W
1961-08-01,20.616,0.32,Sacramento,United States,37.78N,122.03W
1961-09-01,19.046,0.23199999999999998,Sacramento,United States,37.78N,122.03W
1961-10-01,16.409000000000002,0.32799999999999996,Sacramento,United States,37.78N,122.03W
1961-11-01,11.525,0.226,Sacramento,United States,37.78N,122.03W
1961-12-01,7.877000000000001,0.272,Sacramento,United States,37.78N,122.03W
1962-01-01,7.6610000000000005,0.445,Sacramento,United States,37.78N,122.03W
1962-02-01,9.637,0.245,Sacramento,United States,37.78N,122.03W
1962-03-01,10.513,0.129,Sacramento,United States,37.78N,122.03W
1962-04-01,14.839,0.285,Sacramento,United States,37.78N,122.03W
1962-05-01,15.101,0.146,Sacramento,United States,37.78N,122.03W
1962-06-01,18.265,0.632,Sacramento,United States,37.78N,122.03W
1962-07-01,18.832,0.505,Sacramento,United States,37.78N,122.03W
1962-08-01,19.933,0.302,Sacramento,United States,37.78N,122.03W
1962-09-01,18.039,0.397,Sacramento,United States,37.78N,122.03W
1962-10-01,15.804999999999998,0.386,Sacramento,United States,37.78N,122.03W
1962-11-01,13.002,0.34600000000000003,Sacramento,United States,37.78N,122.03W
1962-12-01,9.058,0.354,Sacramento,United States,37.78N,122.03W
1963-01-01,6.706,0.33899999999999997,Sacramento,United States,37.78N,122.03W
1963-02-01,13.605,0.267,Sacramento,United States,37.78N,122.03W
1963-03-01,11.128,0.26,Sacramento,United States,37.78N,122.03W
1963-04-01,11.706,0.371,Sacramento,United States,37.78N,122.03W
1963-05-01,15.548,0.263,Sacramento,United States,37.78N,122.03W
1963-06-01,17.744,0.256,Sacramento,United States,37.78N,122.03W
1963-07-01,19.184,0.42700000000000005,Sacramento,United States,37.78N,122.03W
1963-08-01,19.602,0.317,Sacramento,United States,37.78N,122.03W
1963-09-01,20.302,0.45,Sacramento,United States,37.78N,122.03W
1963-10-01,16.491999999999994,0.083,Sacramento,United States,37.78N,122.03W
1963-11-01,11.597000000000001,0.24600000000000002,Sacramento,United States,37.78N,122.03W
1963-12-01,6.644,0.345,Sacramento,United States,37.78N,122.03W
1964-01-01,8.117999999999999,0.37200000000000005,Sacramento,United States,37.78N,122.03W
1964-02-01,10.324000000000002,0.3,Sacramento,United States,37.78N,122.03W
1964-03-01,10.969000000000001,0.204,Sacramento,United States,37.78N,122.03W
1964-04-01,12.878,0.318,Sacramento,United States,37.78N,122.03W
1964-05-01,14.18,0.226,Sacramento,United States,37.78N,122.03W
1964-06-01,17.65,0.41,Sacramento,United States,37.78N,122.03W
1964-07-01,19.684,0.355,Sacramento,United States,37.78N,122.03W
1964-08-01,19.958,0.41,Sacramento,United States,37.78N,122.03W
1964-09-01,18.631,0.18,Sacramento,United States,37.78N,122.03W
1964-10-01,17.471999999999998,0.337,Sacramento,United States,37.78N,122.03W
1964-11-01,10.723,0.225,Sacramento,United States,37.78N,122.03W
1964-12-01,10.345,0.306,Sacramento,United States,37.78N,122.03W
1965-01-01,8.710999999999999,0.35,Sacramento,United States,37.78N,122.03W
1965-02-01,10.254,0.27699999999999997,Sacramento,United States,37.78N,122.03W
1965-03-01,11.714,0.381,Sacramento,United States,37.78N,122.03W
1965-04-01,13.388,0.157,Sacramento,United States,37.78N,122.03W
1965-05-01,15.370999999999999,0.29,Sacramento,United States,37.78N,122.03W
1965-06-01,16.445999999999998,0.486,Sacramento,United States,37.78N,122.03W
1965-07-01,18.778,0.32799999999999996,Sacramento,United States,37.78N,122.03W
1965-08-01,20.334,0.28600000000000003,Sacramento,United States,37.78N,122.03W
1965-09-01,17.458000000000002,0.414,Sacramento,United States,37.78N,122.03W
1965-10-01,17.775,0.313,Sacramento,United States,37.78N,122.03W
1965-11-01,12.857999999999999,0.261,Sacramento,United States,37.78N,122.03W
1965-12-01,6.551,0.499,Sacramento,United States,37.78N,122.03W
1966-01-01,8.449,0.418,Sacramento,United States,37.78N,122.03W
1966-02-01,9.332,0.317,Sacramento,United States,37.78N,122.03W
1966-03-01,11.861,0.187,Sacramento,United States,37.78N,122.03W
1966-04-01,15.683,0.22699999999999998,Sacramento,United States,37.78N,122.03W
1966-05-01,16.074,0.27399999999999997,Sacramento,United States,37.78N,122.03W
1966-06-01,19.019000000000002,0.302,Sacramento,United States,37.78N,122.03W
1966-07-01,18.682000000000002,0.506,Sacramento,United States,37.78N,122.03W
1966-08-01,20.021,0.49700000000000005,Sacramento,United States,37.78N,122.03W
1966-09-01,19.418,0.322,Sacramento,United States,37.78N,122.03W
1966-10-01,16.671999999999993,0.282,Sacramento,United States,37.78N,122.03W
1966-11-01,12.728,0.267,Sacramento,United States,37.78N,122.03W
1966-12-01,8.916,0.33299999999999996,Sacramento,United States,37.78N,122.03W
1967-01-01,9.058,0.354,Sacramento,United States,37.78N,122.03W
1967-02-01,10.202,0.426,Sacramento,United States,37.78N,122.03W
1967-03-01,11.091,0.34700000000000003,Sacramento,United States,37.78N,122.03W
1967-04-01,9.63,0.249,Sacramento,United States,37.78N,122.03W
1967-05-01,16.055999999999997,0.254,Sacramento,United States,37.78N,122.03W
1967-06-01,17.029,0.28800000000000003,Sacramento,United States,37.78N,122.03W
1967-07-01,20.245,0.599,Sacramento,United States,37.78N,122.03W
1967-08-01,20.523000000000003,0.322,Sacramento,United States,37.78N,122.03W
1967-09-01,20.538,0.36700000000000005,Sacramento,United States,37.78N,122.03W
1967-10-01,17.549999999999994,0.133,Sacramento,United States,37.78N,122.03W
1967-11-01,14.025,0.282,Sacramento,United States,37.78N,122.03W
1967-12-01,8.03,0.349,Sacramento,United States,37.78N,122.03W
1968-01-01,7.51,0.32,Sacramento,United States,37.78N,122.03W
1968-02-01,12.6,0.28,Sacramento,United States,37.78N,122.03W
1968-03-01,12.904000000000002,0.271,Sacramento,United States,37.78N,122.03W
1968-04-01,14.08,0.22899999999999998,Sacramento,United States,37.78N,122.03W
1968-05-01,15.31,0.18899999999999997,Sacramento,United States,37.78N,122.03W
1968-06-01,19.177,0.47100000000000003,Sacramento,United States,37.78N,122.03W
1968-07-01,19.786,0.54,Sacramento,United States,37.78N,122.03W
1968-08-01,19.677,0.556,Sacramento,United States,37.78N,122.03W
1968-09-01,19.548,0.253,Sacramento,United States,37.78N,122.03W
1968-10-01,15.749,0.302,Sacramento,United States,37.78N,122.03W
1968-11-01,11.915999999999999,0.281,Sacramento,United States,37.78N,122.03W
1968-12-01,7.625,0.39899999999999997,Sacramento,United States,37.78N,122.03W
1969-01-01,7.549999999999999,0.311,Sacramento,United States,37.78N,122.03W
1969-02-01,8.961,0.303,Sacramento,United States,37.78N,122.03W
1969-03-01,11.483,0.284,Sacramento,United States,37.78N,122.03W
1969-04-01,12.902999999999999,0.272,Sacramento,United States,37.78N,122.03W
1969-05-01,16.698,0.23199999999999998,Sacramento,United States,37.78N,122.03W
1969-06-01,17.729,0.5,Sacramento,United States,37.78N,122.03W
1969-07-01,19.883,0.28800000000000003,Sacramento,United States,37.78N,122.03W
1969-08-01,20.546,0.5670000000000001,Sacramento,United States,37.78N,122.03W
1969-09-01,19.669,0.321,Sacramento,United States,37.78N,122.03W
1969-10-01,15.579,0.23800000000000002,Sacramento,United States,37.78N,122.03W
1969-11-01,12.658,0.301,Sacramento,United States,37.78N,122.03W
1969-12-01,10.513,0.409,Sacramento,United States,37.78N,122.03W
1970-01-01,10.452,0.494,Sacramento,United States,37.78N,122.03W
1970-02-01,11.956,0.266,Sacramento,United States,37.78N,122.03W
1970-03-01,13.067,0.37200000000000005,Sacramento,United States,37.78N,122.03W
1970-04-01,12.162,0.318,Sacramento,United States,37.78N,122.03W
1970-05-01,17.085,0.207,Sacramento,United States,37.78N,122.03W
1970-06-01,17.948999999999995,0.22,Sacramento,United States,37.78N,122.03W
1970-07-01,19.884,0.38299999999999995,Sacramento,United States,37.78N,122.03W
1970-08-01,18.765,0.41100000000000003,Sacramento,United States,37.78N,122.03W
1970-09-01,19.607,0.294,Sacramento,United States,37.78N,122.03W
1970-10-01,14.918,0.278,Sacramento,United States,37.78N,122.03W
1970-11-01,12.984000000000002,0.297,Sacramento,United States,37.78N,122.03W
1970-12-01,8.306000000000001,0.45899999999999996,Sacramento,United States,37.78N,122.03W
1971-01-01,8.453999999999999,0.281,Sacramento,United States,37.78N,122.03W
1971-02-01,9.741,0.247,Sacramento,United States,37.78N,122.03W
1971-03-01,11.218,0.20600000000000002,Sacramento,United States,37.78N,122.03W
1971-04-01,12.109000000000002,0.184,Sacramento,United States,37.78N,122.03W
1971-05-01,14.481,0.259,Sacramento,United States,37.78N,122.03W
1971-06-01,17.701999999999995,0.28800000000000003,Sacramento,United States,37.78N,122.03W
1971-07-01,19.503,0.439,Sacramento,United States,37.78N,122.03W
1971-08-01,20.605,0.353,Sacramento,United States,37.78N,122.03W
1971-09-01,20.039,0.285,Sacramento,United States,37.78N,122.03W
1971-10-01,14.522999999999998,0.171,Sacramento,United States,37.78N,122.03W
1971-11-01,11.356,0.248,Sacramento,United States,37.78N,122.03W
1971-12-01,6.9350000000000005,0.397,Sacramento,United States,37.78N,122.03W
1972-01-01,6.656000000000001,0.4,Sacramento,United States,37.78N,122.03W
1972-02-01,10.845,0.267,Sacramento,United States,37.78N,122.03W
1972-03-01,13.844000000000001,0.21100000000000002,Sacramento,United States,37.78N,122.03W
1972-04-01,13.383,0.213,Sacramento,United States,37.78N,122.03W
1972-05-01,16.28,0.193,Sacramento,United States,37.78N,122.03W
1972-06-01,18.414,0.35100000000000003,Sacramento,United States,37.78N,122.03W
1972-07-01,20.36,0.45899999999999996,Sacramento,United States,37.78N,122.03W
1972-08-01,20.058,0.46399999999999997,Sacramento,United States,37.78N,122.03W
1972-09-01,18.116,0.32299999999999995,Sacramento,United States,37.78N,122.03W
1972-10-01,15.938999999999998,0.354,Sacramento,United States,37.78N,122.03W
1972-11-01,10.889000000000001,0.22399999999999998,Sacramento,United States,37.78N,122.03W
1972-12-01,6.182,0.361,Sacramento,United States,37.78N,122.03W
1973-01-01,8.068999999999999,0.494,Sacramento,United States,37.78N,122.03W
1973-02-01,11.222999999999999,0.37799999999999995,Sacramento,United States,37.78N,122.03W
1973-03-01,10.563,0.355,Sacramento,United States,37.78N,122.03W
1973-04-01,14.468,0.23199999999999998,Sacramento,United States,37.78N,122.03W
1973-05-01,16.924,0.455,Sacramento,United States,37.78N,122.03W
1973-06-01,20.116,0.33899999999999997,Sacramento,United States,37.78N,122.03W
1973-07-01,19.577,0.377,Sacramento,United States,37.78N,122.03W
1973-08-01,18.632,0.39,Sacramento,United States,37.78N,122.03W
1973-09-01,18.646,0.23800000000000002,Sacramento,United States,37.78N,122.03W
1973-10-01,15.858,0.259,Sacramento,United States,37.78N,122.03W
1973-11-01,11.591,0.312,Sacramento,United States,37.78N,122.03W
1973-12-01,9.276,0.341,Sacramento,United States,37.78N,122.03W
1974-01-01,8.634,0.46399999999999997,Sacramento,United States,37.78N,122.03W
1974-02-01,9.416,0.35200000000000004,Sacramento,United States,37.78N,122.03W
1974-03-01,11.921,0.21100000000000002,Sacramento,United States,37.78N,122.03W
1974-04-01,12.950999999999999,0.158,Sacramento,United States,37.78N,122.03W
1974-05-01,15.351,0.318,Sacramento,United States,37.78N,122.03W
1974-06-01,18.507,0.36,Sacramento,United States,37.78N,122.03W
1974-07-01,19.904,0.41700000000000004,Sacramento,United States,37.78N,122.03W
1974-08-01,19.834,0.364,Sacramento,United States,37.78N,122.03W
1974-09-01,19.134,0.358,Sacramento,United States,37.78N,122.03W
1974-10-01,17.008,0.14800000000000002,Sacramento,United States,37.78N,122.03W
1974-11-01,11.818,0.43700000000000006,Sacramento,United States,37.78N,122.03W
1974-12-01,8.391,0.436,Sacramento,United States,37.78N,122.03W
1975-01-01,7.954999999999999,0.474,Sacramento,United States,37.78N,122.03W
1975-02-01,10.185,0.294,Sacramento,United States,37.78N,122.03W
1975-03-01,10.956,0.21600000000000003,Sacramento,United States,37.78N,122.03W
1975-04-01,10.772,0.195,Sacramento,United States,37.78N,122.03W
1975-05-01,16.509,0.371,Sacramento,United States,37.78N,122.03W
1975-06-01,17.657999999999994,0.39799999999999996,Sacramento,United States,37.78N,122.03W
1975-07-01,18.977,0.5670000000000001,Sacramento,United States,37.78N,122.03W
1975-08-01,19.259,0.525,Sacramento,United States,37.78N,122.03W
1975-09-01,18.625,0.5579999999999999,Sacramento,United States,37.78N,122.03W
1975-10-01,14.89,0.313,Sacramento,United States,37.78N,122.03W
1975-11-01,10.950999999999999,0.18899999999999997,Sacramento,United States,37.78N,122.03W
1975-12-01,9.095,0.406,Sacramento,United States,37.78N,122.03W
1976-01-01,8.847999999999997,0.32,Sacramento,United States,37.78N,122.03W
1976-02-01,10.273,0.321,Sacramento,United States,37.78N,122.03W
1976-03-01,11.157,0.14800000000000002,Sacramento,United States,37.78N,122.03W
1976-04-01,12.359000000000002,0.243,Sacramento,United States,37.78N,122.03W
1976-05-01,16.737000000000002,0.488,Sacramento,United States,37.78N,122.03W
1976-06-01,19.311,0.408,Sacramento,United States,37.78N,122.03W
1976-07-01,19.896,0.469,Sacramento,United States,37.78N,122.03W
1976-08-01,19.454,0.28600000000000003,Sacramento,United States,37.78N,122.03W
1976-09-01,19.127,0.358,Sacramento,United States,37.78N,122.03W
1976-10-01,17.124000000000002,0.313,Sacramento,United States,37.78N,122.03W
1976-11-01,13.571,0.177,Sacramento,United States,37.78N,122.03W
1976-12-01,8.769,0.32299999999999995,Sacramento,United States,37.78N,122.03W
1977-01-01,7.6160000000000005,0.32799999999999996,Sacramento,United States,37.78N,122.03W
1977-02-01,11.544,0.337,Sacramento,United States,37.78N,122.03W
1977-03-01,10.802,0.195,Sacramento,United States,37.78N,122.03W
1977-04-01,14.455,0.225,Sacramento,United States,37.78N,122.03W
1977-05-01,14.003,0.273,Sacramento,United States,37.78N,122.03W
1977-06-01,18.696,0.475,Sacramento,United States,37.78N,122.03W
1977-07-01,19.838,0.518,Sacramento,United States,37.78N,122.03W
1977-08-01,20.209,0.473,Sacramento,United States,37.78N,122.03W
1977-09-01,18.564,0.24100000000000002,Sacramento,United States,37.78N,122.03W
1977-10-01,16.38,0.196,Sacramento,United States,37.78N,122.03W
1977-11-01,12.731,0.205,Sacramento,United States,37.78N,122.03W
1977-12-01,10.732999999999999,0.348,Sacramento,United States,37.78N,122.03W
1978-01-01,10.712,0.444,Sacramento,United States,37.78N,122.03W
1978-02-01,11.203,0.253,Sacramento,United States,37.78N,122.03W
1978-03-01,14.099,0.213,Sacramento,United States,37.78N,122.03W
1978-04-01,12.939,0.253,Sacramento,United States,37.78N,122.03W
1978-05-01,17.673,0.264,Sacramento,United States,37.78N,122.03W
1978-06-01,18.348,0.27899999999999997,Sacramento,United States,37.78N,122.03W
1978-07-01,19.834,0.39899999999999997,Sacramento,United States,37.78N,122.03W
1978-08-01,20.242,0.435,Sacramento,United States,37.78N,122.03W
1978-09-01,19.705,0.24,Sacramento,United States,37.78N,122.03W
1978-10-01,17.171999999999993,0.311,Sacramento,United States,37.78N,122.03W
1978-11-01,10.865,0.31,Sacramento,United States,37.78N,122.03W
1978-12-01,6.692,0.44,Sacramento,United States,37.78N,122.03W
1979-01-01,8.027999999999999,0.426,Sacramento,United States,37.78N,122.03W
1979-02-01,9.665,0.191,Sacramento,United States,37.78N,122.03W
1979-03-01,12.347000000000001,0.139,Sacramento,United States,37.78N,122.03W
1979-04-01,13.407,0.243,Sacramento,United States,37.78N,122.03W
1979-05-01,17.229,0.16399999999999998,Sacramento,United States,37.78N,122.03W
1979-06-01,18.983,0.298,Sacramento,United States,37.78N,122.03W
1979-07-01,20.464000000000002,0.35600000000000004,Sacramento,United States,37.78N,122.03W
1979-08-01,19.697,0.401,Sacramento,United States,37.78N,122.03W
1979-09-01,21.217,0.213,Sacramento,United States,37.78N,122.03W
1979-10-01,17.029999999999998,0.179,Sacramento,United States,37.78N,122.03W
1979-11-01,11.978,0.35100000000000003,Sacramento,United States,37.78N,122.03W
1979-12-01,9.814,0.375,Sacramento,United States,37.78N,122.03W
1980-01-01,9.776,0.41,Sacramento,United States,37.78N,122.03W
1980-02-01,12.225,0.3,Sacramento,United States,37.78N,122.03W
1980-03-01,11.985,0.252,Sacramento,United States,37.78N,122.03W
1980-04-01,13.83,0.25,Sacramento,United States,37.78N,122.03W
1980-05-01,14.97,0.192,Sacramento,United States,37.78N,122.03W
1980-06-01,17.192,0.249,Sacramento,United States,37.78N,122.03W
1980-07-01,20.037,0.511,Sacramento,United States,37.78N,122.03W
1980-08-01,18.875,0.436,Sacramento,United States,37.78N,122.03W
1980-09-01,18.558,0.382,Sacramento,United States,37.78N,122.03W
1980-10-01,16.965999999999998,0.267,Sacramento,United States,37.78N,122.03W
1980-11-01,12.870999999999999,0.324,Sacramento,United States,37.78N,122.03W
1980-12-01,9.612,0.332,Sacramento,United States,37.78N,122.03W
1981-01-01,9.812000000000001,0.368,Sacramento,United States,37.78N,122.03W
1981-02-01,11.755999999999998,0.34,Sacramento,United States,37.78N,122.03W
1981-03-01,11.834000000000001,0.24600000000000002,Sacramento,United States,37.78N,122.03W
1981-04-01,14.312000000000001,0.272,Sacramento,United States,37.78N,122.03W
1981-05-01,16.587,0.23399999999999999,Sacramento,United States,37.78N,122.03W
1981-06-01,21.384,0.498,Sacramento,United States,37.78N,122.03W
1981-07-01,19.636,0.536,Sacramento,United States,37.78N,122.03W
1981-08-01,19.669,0.32,Sacramento,United States,37.78N,122.03W
1981-09-01,18.88,0.267,Sacramento,United States,37.78N,122.03W
1981-10-01,14.957999999999998,0.321,Sacramento,United States,37.78N,122.03W
1981-11-01,13.425999999999998,0.251,Sacramento,United States,37.78N,122.03W
1981-12-01,10.43,0.545,Sacramento,United States,37.78N,122.03W
1982-01-01,6.808999999999998,0.348,Sacramento,United States,37.78N,122.03W
1982-02-01,11.091,0.344,Sacramento,United States,37.78N,122.03W
1982-03-01,10.824000000000002,0.28800000000000003,Sacramento,United States,37.78N,122.03W
1982-04-01,13.09,0.221,Sacramento,United States,37.78N,122.03W
1982-05-01,16.025,0.295,Sacramento,United States,37.78N,122.03W
1982-06-01,16.788999999999998,0.20199999999999999,Sacramento,United States,37.78N,122.03W
1982-07-01,19.026,0.35200000000000004,Sacramento,United States,37.78N,122.03W
1982-08-01,19.656,0.37799999999999995,Sacramento,United States,37.78N,122.03W
1982-09-01,19.072,0.267,Sacramento,United States,37.78N,122.03W
1982-10-01,16.282,0.225,Sacramento,United States,37.78N,122.03W
1982-11-01,10.569,0.405,Sacramento,United States,37.78N,122.03W
1982-12-01,8.786,0.34700000000000003,Sacramento,United States,37.78N,122.03W
1983-01-01,8.241999999999999,0.287,Sacramento,United States,37.78N,122.03W
1983-02-01,11.437,0.324,Sacramento,United States,37.78N,122.03W
1983-03-01,12.243,0.147,Sacramento,United States,37.78N,122.03W
1983-04-01,12.753,0.285,Sacramento,United States,37.78N,122.03W
1983-05-01,16.037,0.18600000000000003,Sacramento,United States,37.78N,122.03W
1983-06-01,18.536,0.294,Sacramento,United States,37.78N,122.03W
1983-07-01,19.826,0.45399999999999996,Sacramento,United States,37.78N,122.03W
1983-08-01,20.89,0.363,Sacramento,United States,37.78N,122.03W
1983-09-01,20.955,0.268,Sacramento,United States,37.78N,122.03W
1983-10-01,17.625999999999994,0.247,Sacramento,United States,37.78N,122.03W
1983-11-01,11.972000000000001,0.34600000000000003,Sacramento,United States,37.78N,122.03W
1983-12-01,10.294,0.599,Sacramento,United States,37.78N,122.03W
1984-01-01,9.192,0.31,Sacramento,United States,37.78N,122.03W
1984-02-01,10.353000000000002,0.375,Sacramento,United States,37.78N,122.03W
1984-03-01,13.705,0.314,Sacramento,United States,37.78N,122.03W
1984-04-01,13.105,0.185,Sacramento,United States,37.78N,122.03W
1984-05-01,17.679000000000002,0.21899999999999997,Sacramento,United States,37.78N,122.03W
1984-06-01,18.177,0.278,Sacramento,United States,37.78N,122.03W
1984-07-01,21.32,0.39799999999999996,Sacramento,United States,37.78N,122.03W
1984-08-01,20.311,0.36200000000000004,Sacramento,United States,37.78N,122.03W
1984-09-01,21.772,0.28600000000000003,Sacramento,United States,37.78N,122.03W
1984-10-01,15.276999999999996,0.207,Sacramento,United States,37.78N,122.03W
1984-11-01,11.151,0.3,Sacramento,United States,37.78N,122.03W
1984-12-01,7.6339999999999995,0.266,Sacramento,United States,37.78N,122.03W
1985-01-01,7.058999999999998,0.373,Sacramento,United States,37.78N,122.03W
1985-02-01,10.866,0.177,Sacramento,United States,37.78N,122.03W
1985-03-01,10.496,0.14,Sacramento,United States,37.78N,122.03W
1985-04-01,15.342,0.47100000000000003,Sacramento,United States,37.78N,122.03W
1985-05-01,15.478,0.386,Sacramento,United States,37.78N,122.03W
1985-06-01,20.06,0.442,Sacramento,United States,37.78N,122.03W
1985-07-01,20.794,0.433,Sacramento,United States,37.78N,122.03W
1985-08-01,19.308,0.33,Sacramento,United States,37.78N,122.03W
1985-09-01,17.956,0.295,Sacramento,United States,37.78N,122.03W
1985-10-01,15.803999999999998,0.207,Sacramento,United States,37.78N,122.03W
1985-11-01,10.278,0.20800000000000002,Sacramento,United States,37.78N,122.03W
1985-12-01,7.37,0.7190000000000001,Sacramento,United States,37.78N,122.03W
1986-01-01,10.873,0.496,Sacramento,United States,37.78N,122.03W
1986-02-01,12.380999999999998,0.31,Sacramento,United States,37.78N,122.03W
1986-03-01,13.982999999999999,0.285,Sacramento,United States,37.78N,122.03W
1986-04-01,13.794,0.319,Sacramento,United States,37.78N,122.03W
1986-05-01,16.169,0.28300000000000003,Sacramento,United States,37.78N,122.03W
1986-06-01,18.804000000000002,0.319,Sacramento,United States,37.78N,122.03W
1986-07-01,19.423,0.289,Sacramento,United States,37.78N,122.03W
1986-08-01,19.156,0.428,Sacramento,United States,37.78N,122.03W
1986-09-01,17.098,0.282,Sacramento,United States,37.78N,122.03W
1986-10-01,16.483999999999998,0.27699999999999997,Sacramento,United States,37.78N,122.03W
1986-11-01,13.283,0.254,Sacramento,United States,37.78N,122.03W
1986-12-01,8.605,0.36700000000000005,Sacramento,United States,37.78N,122.03W
1987-01-01,8.183,0.42200000000000004,Sacramento,United States,37.78N,122.03W
1987-02-01,11.147,0.183,Sacramento,United States,37.78N,122.03W
1987-03-01,12.314,0.242,Sacramento,United States,37.78N,122.03W
1987-04-01,15.762,0.33899999999999997,Sacramento,United States,37.78N,122.03W
1987-05-01,17.562,0.312,Sacramento,United States,37.78N,122.03W
1987-06-01,18.505,0.289,Sacramento,United States,37.78N,122.03W
1987-07-01,18.483,0.384,Sacramento,United States,37.78N,122.03W
1987-08-01,19.554,0.321,Sacramento,United States,37.78N,122.03W
1987-09-01,18.952,0.32,Sacramento,United States,37.78N,122.03W
1987-10-01,17.791999999999994,0.28300000000000003,Sacramento,United States,37.78N,122.03W
1987-11-01,12.385,0.258,Sacramento,United States,37.78N,122.03W
1987-12-01,8.725,0.39,Sacramento,United States,37.78N,122.03W
1988-01-01,9.077,0.318,Sacramento,United States,37.78N,122.03W
1988-02-01,12.003,0.317,Sacramento,United States,37.78N,122.03W
1988-03-01,13.711,0.2,Sacramento,United States,37.78N,122.03W
1988-04-01,14.517999999999999,0.265,Sacramento,United States,37.78N,122.03W
1988-05-01,15.82,0.233,Sacramento,United States,37.78N,122.03W
1988-06-01,18.426,0.273,Sacramento,United States,37.78N,122.03W
1988-07-01,21.251,0.395,Sacramento,United States,37.78N,122.03W
1988-08-01,19.89,0.245,Sacramento,United States,37.78N,122.03W
1988-09-01,18.7,0.37200000000000005,Sacramento,United States,37.78N,122.03W
1988-10-01,16.543,0.24100000000000002,Sacramento,United States,37.78N,122.03W
1988-11-01,12.33,0.33899999999999997,Sacramento,United States,37.78N,122.03W
1988-12-01,8.743,0.41600000000000004,Sacramento,United States,37.78N,122.03W
1989-01-01,7.713999999999999,0.387,Sacramento,United States,37.78N,122.03W
1989-02-01,8.388000000000002,0.268,Sacramento,United States,37.78N,122.03W
1989-03-01,12.534,0.27399999999999997,Sacramento,United States,37.78N,122.03W
1989-04-01,15.822000000000001,0.284,Sacramento,United States,37.78N,122.03W
1989-05-01,16.153,0.23800000000000002,Sacramento,United States,37.78N,122.03W
1989-06-01,18.565,0.425,Sacramento,United States,37.78N,122.03W
1989-07-01,19.737000000000002,0.342,Sacramento,United States,37.78N,122.03W
1989-08-01,19.324,0.387,Sacramento,United States,37.78N,122.03W
1989-09-01,17.980999999999998,0.439,Sacramento,United States,37.78N,122.03W
1989-10-01,16.012999999999998,0.345,Sacramento,United States,37.78N,122.03W
1989-11-01,12.812000000000001,0.253,Sacramento,United States,37.78N,122.03W
1989-12-01,8.329,0.488,Sacramento,United States,37.78N,122.03W
1990-01-01,8.849,0.387,Sacramento,United States,37.78N,122.03W
1990-02-01,8.876000000000003,0.19,Sacramento,United States,37.78N,122.03W
1990-03-01,12.201,0.308,Sacramento,United States,37.78N,122.03W
1990-04-01,15.379000000000001,0.23399999999999999,Sacramento,United States,37.78N,122.03W
1990-05-01,16.061,0.258,Sacramento,United States,37.78N,122.03W
1990-06-01,18.751,0.355,Sacramento,United States,37.78N,122.03W
1990-07-01,20.334,0.349,Sacramento,United States,37.78N,122.03W
1990-08-01,20.590999999999998,0.409,Sacramento,United States,37.78N,122.03W
1990-09-01,19.858,0.158,Sacramento,United States,37.78N,122.03W
1990-10-01,17.421999999999993,0.332,Sacramento,United States,37.78N,122.03W
1990-11-01,12.255,0.207,Sacramento,United States,37.78N,122.03W
1990-12-01,6.218,0.276,Sacramento,United States,37.78N,122.03W
1991-01-01,8.815,0.29,Sacramento,United States,37.78N,122.03W
1991-02-01,12.443,0.168,Sacramento,United States,37.78N,122.03W
1991-03-01,10.297,0.222,Sacramento,United States,37.78N,122.03W
1991-04-01,13.019,0.153,Sacramento,United States,37.78N,122.03W
1991-05-01,14.568,0.266,Sacramento,United States,37.78N,122.03W
1991-06-01,16.762999999999998,0.08800000000000001,Sacramento,United States,37.78N,122.03W
1991-07-01,19.697,0.353,Sacramento,United States,37.78N,122.03W
1991-08-01,19.121,0.377,Sacramento,United States,37.78N,122.03W
1991-09-01,19.449,0.506,Sacramento,United States,37.78N,122.03W
1991-10-01,17.959,0.318,Sacramento,United States,37.78N,122.03W
1991-11-01,13.127,0.138,Sacramento,United States,37.78N,122.03W
1991-12-01,8.714,0.285,Sacramento,United States,37.78N,122.03W
1992-01-01,7.6,0.425,Sacramento,United States,37.78N,122.03W
1992-02-01,12.453,0.198,Sacramento,United States,37.78N,122.03W
1992-03-01,13.477,0.215,Sacramento,United States,37.78N,122.03W
1992-04-01,16.065,0.366,Sacramento,United States,37.78N,122.03W
1992-05-01,18.575,0.326,Sacramento,United States,37.78N,122.03W
1992-06-01,18.579,0.18100000000000002,Sacramento,United States,37.78N,122.03W
1992-07-01,20.371,0.258,Sacramento,United States,37.78N,122.03W
1992-08-01,20.486,0.429,Sacramento,United States,37.78N,122.03W
1992-09-01,19.629,0.342,Sacramento,United States,37.78N,122.03W
1992-10-01,18.141,0.171,Sacramento,United States,37.78N,122.03W
1992-11-01,12.943,0.19899999999999998,Sacramento,United States,37.78N,122.03W
1992-12-01,8.075,0.436,Sacramento,United States,37.78N,122.03W
1993-01-01,8.120999999999999,0.244,Sacramento,United States,37.78N,122.03W
1993-02-01,10.14,0.28300000000000003,Sacramento,United States,37.78N,122.03W
1993-03-01,13.841,0.18100000000000002,Sacramento,United States,37.78N,122.03W
1993-04-01,14.164000000000001,0.263,Sacramento,United States,37.78N,122.03W
1993-05-01,16.835,0.413,Sacramento,United States,37.78N,122.03W
1993-06-01,19.758,0.209,Sacramento,United States,37.78N,122.03W
1993-07-01,19.818,0.313,Sacramento,United States,37.78N,122.03W
1993-08-01,20.598000000000003,0.358,Sacramento,United States,37.78N,122.03W
1993-09-01,18.915,0.465,Sacramento,United States,37.78N,122.03W
1993-10-01,17.200999999999997,0.15,Sacramento,United States,37.78N,122.03W
1993-11-01,12.067,0.303,Sacramento,United States,37.78N,122.03W
1993-12-01,8.169,0.389,Sacramento,United States,37.78N,122.03W
1994-01-01,9.212,0.439,Sacramento,United States,37.78N,122.03W
1994-02-01,9.447,0.293,Sacramento,United States,37.78N,122.03W
1994-03-01,13.341,0.225,Sacramento,United States,37.78N,122.03W
1994-04-01,14.04,0.324,Sacramento,United States,37.78N,122.03W
1994-05-01,15.569,0.308,Sacramento,United States,37.78N,122.03W
1994-06-01,18.372,0.348,Sacramento,United States,37.78N,122.03W
1994-07-01,18.777,0.47200000000000003,Sacramento,United States,37.78N,122.03W
1994-08-01,20.027,0.41700000000000004,Sacramento,United States,37.78N,122.03W
1994-09-01,19.102999999999998,0.32799999999999996,Sacramento,United States,37.78N,122.03W
1994-10-01,16.072,0.191,Sacramento,United States,37.78N,122.03W
1994-11-01,9.225,0.301,Sacramento,United States,37.78N,122.03W
1994-12-01,7.291,0.441,Sacramento,United States,37.78N,122.03W
1995-01-01,10.459000000000001,0.374,Sacramento,United States,37.78N,122.03W
1995-02-01,11.937999999999999,0.348,Sacramento,United States,37.78N,122.03W
1995-03-01,11.92,0.248,Sacramento,United States,37.78N,122.03W
1995-04-01,13.4,0.35100000000000003,Sacramento,United States,37.78N,122.03W
1995-05-01,14.974,0.263,Sacramento,United States,37.78N,122.03W
1995-06-01,17.797,0.361,Sacramento,United States,37.78N,122.03W
1995-07-01,20.534000000000002,0.35600000000000004,Sacramento,United States,37.78N,122.03W
1995-08-01,20.442,0.542,Sacramento,United States,37.78N,122.03W
1995-09-01,19.336,0.364,Sacramento,United States,37.78N,122.03W
1995-10-01,17.517,0.16699999999999998,Sacramento,United States,37.78N,122.03W
1995-11-01,14.633,0.28600000000000003,Sacramento,United States,37.78N,122.03W
1995-12-01,10.783,0.284,Sacramento,United States,37.78N,122.03W
1996-01-01,9.822000000000001,0.461,Sacramento,United States,37.78N,122.03W
1996-02-01,12.073,0.21899999999999997,Sacramento,United States,37.78N,122.03W
1996-03-01,13.366,0.244,Sacramento,United States,37.78N,122.03W
1996-04-01,15.245999999999999,0.255,Sacramento,United States,37.78N,122.03W
1996-05-01,16.99,0.11599999999999999,Sacramento,United States,37.78N,122.03W
1996-06-01,18.997,0.294,Sacramento,United States,37.78N,122.03W
1996-07-01,21.219,0.43200000000000005,Sacramento,United States,37.78N,122.03W
1996-08-01,20.71,0.445,Sacramento,United States,37.78N,122.03W
1996-09-01,18.61,0.401,Sacramento,United States,37.78N,122.03W
1996-10-01,16.229999999999997,0.162,Sacramento,United States,37.78N,122.03W
1996-11-01,12.739,0.32899999999999996,Sacramento,United States,37.78N,122.03W
1996-12-01,10.695,0.42200000000000004,Sacramento,United States,37.78N,122.03W
1997-01-01,9.368,0.397,Sacramento,United States,37.78N,122.03W
1997-02-01,11.535,0.35,Sacramento,United States,37.78N,122.03W
1997-03-01,13.992,0.32,Sacramento,United States,37.78N,122.03W
1997-04-01,15.084000000000001,0.114,Sacramento,United States,37.78N,122.03W
1997-05-01,19.355999999999998,0.214,Sacramento,United States,37.78N,122.03W
1997-06-01,18.993,0.433,Sacramento,United States,37.78N,122.03W
1997-07-01,20.375,0.433,Sacramento,United States,37.78N,122.03W
1997-08-01,20.538,0.57,Sacramento,United States,37.78N,122.03W
1997-09-01,21.049,0.415,Sacramento,United States,37.78N,122.03W
1997-10-01,16.421,0.345,Sacramento,United States,37.78N,122.03W
1997-11-01,13.454,0.249,Sacramento,United States,37.78N,122.03W
1997-12-01,8.872,0.387,Sacramento,United States,37.78N,122.03W
1998-01-01,10.015,0.373,Sacramento,United States,37.78N,122.03W
1998-02-01,10.097,0.294,Sacramento,United States,37.78N,122.03W
1998-03-01,12.552,0.245,Sacramento,United States,37.78N,122.03W
1998-04-01,13.13,0.18100000000000002,Sacramento,United States,37.78N,122.03W
1998-05-01,13.875,0.365,Sacramento,United States,37.78N,122.03W
1998-06-01,17.195999999999998,0.41100000000000003,Sacramento,United States,37.78N,122.03W
1998-07-01,20.009,0.44,Sacramento,United States,37.78N,122.03W
1998-08-01,21.365,0.433,Sacramento,United States,37.78N,122.03W
1998-09-01,19.599,0.37799999999999995,Sacramento,United States,37.78N,122.03W
1998-10-01,15.663999999999998,0.302,Sacramento,United States,37.78N,122.03W
1998-11-01,11.646,0.145,Sacramento,United States,37.78N,122.03W
1998-12-01,7.404,0.316,Sacramento,United States,37.78N,122.03W
1999-01-01,8.648,0.42,Sacramento,United States,37.78N,122.03W
1999-02-01,9.533,0.213,Sacramento,United States,37.78N,122.03W
1999-03-01,10.321,0.163,Sacramento,United States,37.78N,122.03W
1999-04-01,13.083,0.21,Sacramento,United States,37.78N,122.03W
1999-05-01,14.584000000000001,0.318,Sacramento,United States,37.78N,122.03W
1999-06-01,17.794,0.29100000000000004,Sacramento,United States,37.78N,122.03W
1999-07-01,18.992,0.555,Sacramento,United States,37.78N,122.03W
1999-08-01,19.43,0.544,Sacramento,United States,37.78N,122.03W
1999-09-01,19.569000000000003,0.297,Sacramento,United States,37.78N,122.03W
1999-10-01,17.904999999999994,0.203,Sacramento,United States,37.78N,122.03W
1999-11-01,13.24,0.17800000000000002,Sacramento,United States,37.78N,122.03W
1999-12-01,9.805,0.295,Sacramento,United States,37.78N,122.03W
2000-01-01,10.081,0.228,Sacramento,United States,37.78N,122.03W
2000-02-01,11.157,0.172,Sacramento,United States,37.78N,122.03W
2000-03-01,12.667,0.231,Sacramento,United States,37.78N,122.03W
2000-04-01,14.974,0.259,Sacramento,United States,37.78N,122.03W
2000-05-01,17.035999999999998,0.17300000000000001,Sacramento,United States,37.78N,122.03W
2000-06-01,19.724,0.282,Sacramento,United States,37.78N,122.03W
2000-07-01,18.828,0.46399999999999997,Sacramento,United States,37.78N,122.03W
2000-08-01,20.062,0.532,Sacramento,United States,37.78N,122.03W
2000-09-01,19.904,0.265,Sacramento,United States,37.78N,122.03W
2000-10-01,15.560999999999998,0.257,Sacramento,United States,37.78N,122.03W
2000-11-01,10.372,0.185,Sacramento,United States,37.78N,122.03W
2000-12-01,9.898,0.335,Sacramento,United States,37.78N,122.03W
2001-01-01,8.516,0.306,Sacramento,United States,37.78N,122.03W
2001-02-01,9.841,0.255,Sacramento,United States,37.78N,122.03W
2001-03-01,13.769,0.266,Sacramento,United States,37.78N,122.03W
2001-04-01,12.228,0.214,Sacramento,United States,37.78N,122.03W
2001-05-01,19.789,0.252,Sacramento,United States,37.78N,122.03W
2001-06-01,20.193,0.26,Sacramento,United States,37.78N,122.03W
2001-07-01,19.597,0.429,Sacramento,United States,37.78N,122.03W
2001-08-01,19.938,0.384,Sacramento,United States,37.78N,122.03W
2001-09-01,18.826,0.252,Sacramento,United States,37.78N,122.03W
2001-10-01,17.645,0.155,Sacramento,United States,37.78N,122.03W
2001-11-01,13.279000000000002,0.20600000000000002,Sacramento,United States,37.78N,122.03W
2001-12-01,9.342,0.316,Sacramento,United States,37.78N,122.03W
2002-01-01,8.165,0.331,Sacramento,United States,37.78N,122.03W
2002-02-01,11.38,0.325,Sacramento,United States,37.78N,122.03W
2002-03-01,11.865,0.23399999999999999,Sacramento,United States,37.78N,122.03W
2002-04-01,13.825999999999999,0.24,Sacramento,United States,37.78N,122.03W
2002-05-01,15.757,0.226,Sacramento,United States,37.78N,122.03W
2002-06-01,18.766,0.212,Sacramento,United States,37.78N,122.03W
2002-07-01,20.379,0.426,Sacramento,United States,37.78N,122.03W
2002-08-01,19.921,0.295,Sacramento,United States,37.78N,122.03W
2002-09-01,20.132,0.37,Sacramento,United States,37.78N,122.03W
2002-10-01,16.307000000000002,0.21100000000000002,Sacramento,United States,37.78N,122.03W
2002-11-01,13.467,0.316,Sacramento,United States,37.78N,122.03W
2002-12-01,9.99,0.214,Sacramento,United States,37.78N,122.03W
2003-01-01,11.474,0.289,Sacramento,United States,37.78N,122.03W
2003-02-01,10.765,0.382,Sacramento,United States,37.78N,122.03W
2003-03-01,13.371,0.303,Sacramento,United States,37.78N,122.03W
2003-04-01,11.905999999999999,0.348,Sacramento,United States,37.78N,122.03W
2003-05-01,16.368,0.24,Sacramento,United States,37.78N,122.03W
2003-06-01,19.235,0.35700000000000004,Sacramento,United States,37.78N,122.03W
2003-07-01,21.565,0.276,Sacramento,United States,37.78N,122.03W
2003-08-01,20.46,0.62,Sacramento,United States,37.78N,122.03W
2003-09-01,20.781999999999996,0.382,Sacramento,United States,37.78N,122.03W
2003-10-01,18.35,0.436,Sacramento,United States,37.78N,122.03W
2003-11-01,11.179,0.275,Sacramento,United States,37.78N,122.03W
2003-12-01,9.646,0.32799999999999996,Sacramento,United States,37.78N,122.03W
2004-01-01,8.978,0.263,Sacramento,United States,37.78N,122.03W
2004-02-01,10.501,0.205,Sacramento,United States,37.78N,122.03W
2004-03-01,15.813,0.294,Sacramento,United States,37.78N,122.03W
2004-04-01,15.582,0.276,Sacramento,United States,37.78N,122.03W
2004-05-01,16.847,0.183,Sacramento,United States,37.78N,122.03W
2004-06-01,18.679000000000002,0.534,Sacramento,United States,37.78N,122.03W
2004-07-01,20.279,0.349,Sacramento,United States,37.78N,122.03W
2004-08-01,20.583,0.402,Sacramento,United States,37.78N,122.03W
2004-09-01,20.521,0.34600000000000003,Sacramento,United States,37.78N,122.03W
2004-10-01,15.676999999999998,0.331,Sacramento,United States,37.78N,122.03W
2004-11-01,11.574000000000002,0.18899999999999997,Sacramento,United States,37.78N,122.03W
2004-12-01,9.465,0.3,Sacramento,United States,37.78N,122.03W
2005-01-01,8.51,0.27399999999999997,Sacramento,United States,37.78N,122.03W
2005-02-01,11.890999999999998,0.22399999999999998,Sacramento,United States,37.78N,122.03W
2005-03-01,13.681,0.265,Sacramento,United States,37.78N,122.03W
2005-04-01,13.280999999999999,0.212,Sacramento,United States,37.78N,122.03W
2005-05-01,16.632,0.23600000000000002,Sacramento,United States,37.78N,122.03W
2005-06-01,17.74,0.47700000000000004,Sacramento,United States,37.78N,122.03W
2005-07-01,21.455,0.275,Sacramento,United States,37.78N,122.03W
2005-08-01,20.434,0.293,Sacramento,United States,37.78N,122.03W
2005-09-01,17.88,0.33899999999999997,Sacramento,United States,37.78N,122.03W
2005-10-01,16.276999999999994,0.261,Sacramento,United States,37.78N,122.03W
2005-11-01,13.615,0.201,Sacramento,United States,37.78N,122.03W
2005-12-01,10.659,0.35100000000000003,Sacramento,United States,37.78N,122.03W
2006-01-01,9.952,0.41600000000000004,Sacramento,United States,37.78N,122.03W
2006-02-01,11.421,0.304,Sacramento,United States,37.78N,122.03W
2006-03-01,9.944,0.359,Sacramento,United States,37.78N,122.03W
2006-04-01,13.094000000000001,0.27,Sacramento,United States,37.78N,122.03W
2006-05-01,17.148,0.35600000000000004,Sacramento,United States,37.78N,122.03W
2006-06-01,20.145,0.299,Sacramento,United States,37.78N,122.03W
2006-07-01,22.465,0.31,Sacramento,United States,37.78N,122.03W
2006-08-01,19.590999999999998,0.48200000000000004,Sacramento,United States,37.78N,122.03W
2006-09-01,18.949,0.204,Sacramento,United States,37.78N,122.03W
2006-10-01,15.861999999999998,0.317,Sacramento,United States,37.78N,122.03W
2006-11-01,12.479000000000001,0.154,Sacramento,United States,37.78N,122.03W
2006-12-01,9.202,0.25,Sacramento,United States,37.78N,122.03W
2007-01-01,8.165,0.345,Sacramento,United States,37.78N,122.03W
2007-02-01,10.718,0.271,Sacramento,United States,37.78N,122.03W
2007-03-01,14.002,0.364,Sacramento,United States,37.78N,122.03W
2007-04-01,14.117,0.18,Sacramento,United States,37.78N,122.03W
2007-05-01,16.666,0.20199999999999999,Sacramento,United States,37.78N,122.03W
2007-06-01,18.829,0.319,Sacramento,United States,37.78N,122.03W
2007-07-01,20.325,0.451,Sacramento,United States,37.78N,122.03W
2007-08-01,20.601,0.44299999999999995,Sacramento,United States,37.78N,122.03W
2007-09-01,18.781,0.513,Sacramento,United States,37.78N,122.03W
2007-10-01,15.439999999999998,0.315,Sacramento,United States,37.78N,122.03W
2007-11-01,13.278,0.419,Sacramento,United States,37.78N,122.03W
2007-12-01,8.318999999999999,0.415,Sacramento,United States,37.78N,122.03W
2008-01-01,8.026,0.395,Sacramento,United States,37.78N,122.03W
2008-02-01,10.449000000000002,0.27399999999999997,Sacramento,United States,37.78N,122.03W
2008-03-01,12.265,0.217,Sacramento,United States,37.78N,122.03W
2008-04-01,13.468,0.22699999999999998,Sacramento,United States,37.78N,122.03W
2008-05-01,16.625999999999998,0.25,Sacramento,United States,37.78N,122.03W
2008-06-01,19.473,0.324,Sacramento,United States,37.78N,122.03W
2008-07-01,20.335,0.342,Sacramento,United States,37.78N,122.03W
2008-08-01,20.796999999999997,0.483,Sacramento,United States,37.78N,122.03W
2008-09-01,20.014,0.257,Sacramento,United States,37.78N,122.03W
2008-10-01,17.351,0.34299999999999997,Sacramento,United States,37.78N,122.03W
2008-11-01,13.813,0.285,Sacramento,United States,37.78N,122.03W
2008-12-01,8.017000000000001,0.381,Sacramento,United States,37.78N,122.03W
2009-01-01,10.129,0.537,Sacramento,United States,37.78N,122.03W
2009-02-01,10.359000000000002,0.315,Sacramento,United States,37.78N,122.03W
2009-03-01,12.058,0.289,Sacramento,United States,37.78N,122.03W
2009-04-01,13.786,0.297,Sacramento,United States,37.78N,122.03W
2009-05-01,17.215,0.294,Sacramento,United States,37.78N,122.03W
2009-06-01,18.46,0.281,Sacramento,United States,37.78N,122.03W
2009-07-01,19.923,0.426,Sacramento,United States,37.78N,122.03W
2009-08-01,20.581,0.429,Sacramento,United States,37.78N,122.03W
2009-09-01,20.95,0.257,Sacramento,United States,37.78N,122.03W
2009-10-01,15.938,0.39299999999999996,Sacramento,United States,37.78N,122.03W
2009-11-01,12.457,0.40299999999999997,Sacramento,United States,37.78N,122.03W
2009-12-01,8.381,0.207,Sacramento,United States,37.78N,122.03W
2010-01-01,9.599,0.21600000000000003,Sacramento,United States,37.78N,122.03W
2010-02-01,11.467,0.267,Sacramento,United States,37.78N,122.03W
2010-03-01,12.308,0.37799999999999995,Sacramento,United States,37.78N,122.03W
2010-04-01,12.402999999999999,0.191,Sacramento,United States,37.78N,122.03W
2010-05-01,14.555,0.195,Sacramento,United States,37.78N,122.03W
2010-06-01,18.643,0.289,Sacramento,United States,37.78N,122.03W
2010-07-01,19.191,0.501,Sacramento,United States,37.78N,122.03W
2010-08-01,18.781,0.537,Sacramento,United States,37.78N,122.03W
2010-09-01,20.02,0.396,Sacramento,United States,37.78N,122.03W
2010-10-01,16.689999999999998,0.308,Sacramento,United States,37.78N,122.03W
2010-11-01,12.107000000000001,0.22899999999999998,Sacramento,United States,37.78N,122.03W
2010-12-01,10.287,0.447,Sacramento,United States,37.78N,122.03W
2011-01-01,9.359,0.408,Sacramento,United States,37.78N,122.03W
2011-02-01,9.817,0.303,Sacramento,United States,37.78N,122.03W
2011-03-01,11.886,0.231,Sacramento,United States,37.78N,122.03W
2011-04-01,13.357999999999999,0.287,Sacramento,United States,37.78N,122.03W
2011-05-01,14.526,0.392,Sacramento,United States,37.78N,122.03W
2011-06-01,17.544,0.433,Sacramento,United States,37.78N,122.03W
2011-07-01,19.649,0.493,Sacramento,United States,37.78N,122.03W
2011-08-01,19.389,0.415,Sacramento,United States,37.78N,122.03W
2011-09-01,20.54,0.452,Sacramento,United States,37.78N,122.03W
2011-10-01,17.294999999999998,0.315,Sacramento,United States,37.78N,122.03W
2011-11-01,11.478,0.35700000000000004,Sacramento,United States,37.78N,122.03W
2011-12-01,9.118,0.5760000000000001,Sacramento,United States,37.78N,122.03W
2012-01-01,9.993,0.625,Sacramento,United States,37.78N,122.03W
2012-02-01,11.116,0.405,Sacramento,United States,37.78N,122.03W
2012-03-01,11.503,0.326,Sacramento,United States,37.78N,122.03W
2012-04-01,14.15,0.39799999999999996,Sacramento,United States,37.78N,122.03W
2012-05-01,16.555,0.255,Sacramento,United States,37.78N,122.03W
2012-06-01,18.482,0.373,Sacramento,United States,37.78N,122.03W
2012-07-01,19.632,0.488,Sacramento,United States,37.78N,122.03W
2012-08-01,20.531,0.252,Sacramento,United States,37.78N,122.03W
2012-09-01,19.045,0.5429999999999999,Sacramento,United States,37.78N,122.03W
2012-10-01,17.294999999999998,0.278,Sacramento,United States,37.78N,122.03W
2012-11-01,13.367,0.23800000000000002,Sacramento,United States,37.78N,122.03W
2012-12-01,8.95,0.37,Sacramento,United States,37.78N,122.03W
2013-01-01,8.32,0.278,Sacramento,United States,37.78N,122.03W
2013-02-01,10.229,0.494,Sacramento,United States,37.78N,122.03W
2013-03-01,13.505999999999998,0.325,Sacramento,United States,37.78N,122.03W
2013-04-01,15.995999999999999,0.419,Sacramento,United States,37.78N,122.03W
2013-05-01,17.434,0.327,Sacramento,United States,37.78N,122.03W
2013-06-01,19.759,0.33799999999999997,Sacramento,United States,37.78N,122.03W
2013-07-01,20.656999999999996,0.36,Sacramento,United States,37.78N,122.03W
2013-08-01,19.730999999999998,0.522,Sacramento,United States,37.78N,122.03W
2013-09-01,20.471,0.826,Sacramento,United States,37.78N,122.03W